0O45fw2L5vsWpdsOdXwNAR,6TaqooOXAEcijL6G1AWS2K,SexyBack (feat. Timbaland),All My Friends (feat. Tinashe & Chance the Rapper),0.09
0O45fw2L5vsWpdsOdXwNAR,5WI2ltQIdwgzf1SNE76JyR,SexyBack (feat. Timbaland),Never Be Like You (feat. Kai),0.11
0O45fw2L5vsWpdsOdXwNAR,7EVk9tRb6beJLTHrg6AkY9,SexyBack (feat. Timbaland),Tuesday (feat. Danelle Sandoval),0.18
0O45fw2L5vsWpdsOdXwNAR,0q75NwOoFiARAVp4EXU4Bs,SexyBack (feat. Timbaland),Love Galore (feat. Travis Scott),0.18
0O45fw2L5vsWpdsOdXwNAR,4lnAN2S1fcI0SjxEbksZVr,SexyBack (feat. Timbaland),Fetish (feat. Gucci Mane),0.19
6TaqooOXAEcijL6G1AWS2K,3RiPr603aXAoi4GHyXx0uy,All My Friends (feat. Tinashe & Chance the Rapper),Hymn for the Weekend,0.07
6TaqooOXAEcijL6G1AWS2K,5WI2ltQIdwgzf1SNE76JyR,All My Friends (feat. Tinashe & Chance the Rapper),Never Be Like You (feat. Kai),0.06
6TaqooOXAEcijL6G1AWS2K,7EVk9tRb6beJLTHrg6AkY9,All My Friends (feat. Tinashe & Chance the Rapper),Tuesday (feat. Danelle Sandoval),0.11
6TaqooOXAEcijL6G1AWS2K,0q75NwOoFiARAVp4EXU4Bs,All My Friends (feat. Tinashe & Chance the Rapper),Love Galore (feat. Travis Scott),0.08
6TaqooOXAEcijL6G1AWS2K,4lnAN2S1fcI0SjxEbksZVr,All My Friends (feat. Tinashe & Chance the Rapper),Fetish (feat. Gucci Mane),0.08
5WI2ltQIdwgzf1SNE76JyR,7EVk9tRb6beJLTHrg6AkY9,Never Be Like You (feat. Kai),Tuesday (feat. Danelle Sandoval),0.1
5WI2ltQIdwgzf1SNE76JyR,0q75NwOoFiARAVp4EXU4Bs,Never Be Like You (feat. Kai),Love Galore (feat. Travis Scott),0.12
5WI2ltQIdwgzf1SNE76JyR,4lnAN2S1fcI0SjxEbksZVr,Never Be Like You (feat. Kai),Fetish (feat. Gucci Mane),0.08
7EVk9tRb6beJLTHrg6AkY9,0q75NwOoFiARAVp4EXU4Bs,Tuesday (feat. Danelle Sandoval),Love Galore (feat. Travis Scott),0.17
7EVk9tRb6beJLTHrg6AkY9,4lnAN2S1fcI0SjxEbksZVr,Tuesday (feat. Danelle Sandoval),Fetish (feat. Gucci Mane),0.17
0q75NwOoFiARAVp4EXU4Bs,4lnAN2S1fcI0SjxEbksZVr,Love Galore (feat. Travis Scott),Fetish (feat. Gucci Mane),0.18
