7bZsx7Zif6FIhrcZrh0LVm,3MldzywZOH4Uci6bq9noyJ,What You Waiting For?,What You Got,0.43
7bZsx7Zif6FIhrcZrh0LVm,0laYHRpNTS6i8FXdupHkJ4,What You Waiting For?,Love You Like A Love Song,0.13
7bZsx7Zif6FIhrcZrh0LVm,16Of7eeW44kt0a1M0nitHM,What You Waiting For?,You Make Me Feel... (feat. Sabi),0.14
7bZsx7Zif6FIhrcZrh0LVm,6D60klaHqbCl9ySc8VcRss,What You Waiting For?,Stronger (What Doesn't Kill You),0.26
7bZsx7Zif6FIhrcZrh0LVm,0pwYLVXVknPSGUQb39cePC,What You Waiting For?,As Long As You Love Me,0.16
7bZsx7Zif6FIhrcZrh0LVm,3zHq9ouUJQFQRf3cm1rRLu,What You Waiting For?,"Love Me Like You Do - From """"Fifty Shades Of Grey""""""""",0.11
7bZsx7Zif6FIhrcZrh0LVm,3uwnnTQcHM1rDqSfA4gQNz,What You Waiting For?,Cool for the Summer,0.12
7bZsx7Zif6FIhrcZrh0LVm,6hmhG1b4LEyNuashVvuIAo,What You Waiting For?,Never Forget You,0.17
7bZsx7Zif6FIhrcZrh0LVm,2yLa0QULdQr0qAIvVwN6B5,What You Waiting For?,...Ready For It?,0.15
7bZsx7Zif6FIhrcZrh0LVm,1P17dC1amhFzptugyAO7Il,What You Waiting For?,Look What You Made Me Do,0.29
7bZsx7Zif6FIhrcZrh0LVm,0mt02gJ425Xjm7c3jYkOBn,What You Waiting For?,Lust For Life (with The Weeknd),0.11
7bZsx7Zif6FIhrcZrh0LVm,514rhnksEwHUh6LxXsQ4Y9,What You Waiting For?,Back To You,0.19
7bZsx7Zif6FIhrcZrh0LVm,6RRNNciQGZEXnqk8SQ9yv5,What You Waiting For?,You Need To Calm Down,0.16
7bZsx7Zif6FIhrcZrh0LVm,4cluDES4hQEUhmXj6TXkSo,What You Waiting For?,What Makes You Beautiful,0.37
19JdbdEwQI7bCxefMokZO8,6vc2Jq2vaGu8z326kSrw92,My Humps,Your Love Is My Drug,0.18
19JdbdEwQI7bCxefMokZO8,7g13jf3zqlP5S68Voo5v9m,My Humps,Dancing On My Own - Radio Edit,0.13
19JdbdEwQI7bCxefMokZO8,17tDv8WA8IhqE8qzuQn707,My Humps,My First Kiss (feat. Ke$ha),0.2
19JdbdEwQI7bCxefMokZO8,5a7NdkF09AfD0H607eiOkX,My Humps,On My Mind,0.26
19JdbdEwQI7bCxefMokZO8,2BOqDYLOJBiMOXShCV1neZ,My Humps,Dancing On My Own,0.24
66ZcOcouenzZEnzTJvoFmH,360ZhWvMnyXKYFG9Mqsm89,The Sweet Escape,Evacuate The Dancefloor - Radio Edit,0.05
66ZcOcouenzZEnzTJvoFmH,1FKxKGONukVFXWVJxAKmlz,The Sweet Escape,Sweet Dreams,0.24
66ZcOcouenzZEnzTJvoFmH,38iU2jg98IZZEIJPrP7aWD,The Sweet Escape,Till the World Ends,0.1
66ZcOcouenzZEnzTJvoFmH,4b4c0oH7PtrPsI86drzgFs,The Sweet Escape,Chasing The Sun,0.15
66ZcOcouenzZEnzTJvoFmH,5kcE7pp02ezLZaUbbMv3Iq,The Sweet Escape,Pound The Alarm,0.13
66ZcOcouenzZEnzTJvoFmH,3uwnnTQcHM1rDqSfA4gQNz,The Sweet Escape,Cool for the Summer,0.13
66ZcOcouenzZEnzTJvoFmH,7xHWNBFm6ObGEQPaUxHuKO,The Sweet Escape,The Greatest (feat. Kendrick Lamar),0.06
66ZcOcouenzZEnzTJvoFmH,0mt02gJ425Xjm7c3jYkOBn,The Sweet Escape,Lust For Life (with The Weeknd),0.08
66ZcOcouenzZEnzTJvoFmH,7DnAm9FOTWE3cUvso43HhI,The Sweet Escape,Sweet but Psycho,0.2
66ZcOcouenzZEnzTJvoFmH,00Blm7zeNqgYLPtW6zg8cj,The Sweet Escape,One Right Now (with The Weeknd),0.06
66ZcOcouenzZEnzTJvoFmH,4bJygwUKrRgq1stlNXcgMg,The Sweet Escape,All The Things She Said,0.1
6ic8OlLUNEATToEFU3xmaH,4XNrMwGx1SqP01sqkGTDmo,Gimme More,One More Night,0.17
005lwxGU1tms6HGELIcUv9,21pySLskKIKrhDziCX5ojQ,I Kissed A Girl,When I Grow Up,0.11
005lwxGU1tms6HGELIcUv9,5r5cp9IpziiIsR6b93vcnQ,I Kissed A Girl,Walking On A Dream,0.14
005lwxGU1tms6HGELIcUv9,7HacCTm33hZYYN8DXpCYuG,I Kissed A Girl,I Like It,0.13
005lwxGU1tms6HGELIcUv9,0laYHRpNTS6i8FXdupHkJ4,I Kissed A Girl,Love You Like A Love Song,0.1
005lwxGU1tms6HGELIcUv9,6HZ9VeI5IRFCNQLXhpF4bq,I Kissed A Girl,I Love It (feat. Charli XCX),0.1
005lwxGU1tms6HGELIcUv9,3sP3c86WFjOzHHnbhhZcLA,I Kissed A Girl,Give Your Heart a Break,0.1
005lwxGU1tms6HGELIcUv9,190jyVPHYjAqEaOGmMzdyk,I Kissed A Girl,Beauty And A Beat,0.13
005lwxGU1tms6HGELIcUv9,0EcQcdcbQeVJn9fknj44Be,I Kissed A Girl,I Like Me Better,0.13
005lwxGU1tms6HGELIcUv9,4SSnFejRGlZikf02HLewEF,I Kissed A Girl,bury a friend,0.17
005lwxGU1tms6HGELIcUv9,2Xnv3GntqbBH1juvUYSpHG,I Kissed A Girl,So Am I,0.13
005lwxGU1tms6HGELIcUv9,54bFM56PmE4YLRnqpW6Tha,I Kissed A Girl,Therefore I Am,0.13
21pySLskKIKrhDziCX5ojQ,7HacCTm33hZYYN8DXpCYuG,When I Grow Up,I Like It,0.18
21pySLskKIKrhDziCX5ojQ,6HZ9VeI5IRFCNQLXhpF4bq,When I Grow Up,I Love It (feat. Charli XCX),0.12
21pySLskKIKrhDziCX5ojQ,0EcQcdcbQeVJn9fknj44Be,When I Grow Up,I Like Me Better,0.13
21pySLskKIKrhDziCX5ojQ,2Xnv3GntqbBH1juvUYSpHG,When I Grow Up,So Am I,0.15
21pySLskKIKrhDziCX5ojQ,54bFM56PmE4YLRnqpW6Tha,When I Grow Up,Therefore I Am,0.16
1kxeWHF9PrCVZHvVskv8lg,6vc2Jq2vaGu8z326kSrw92,Love Lockdown,Your Love Is My Drug,0.21
1kxeWHF9PrCVZHvVskv8lg,0laYHRpNTS6i8FXdupHkJ4,Love Lockdown,Love You Like A Love Song,0.15
1kxeWHF9PrCVZHvVskv8lg,62zFEHfAYl5kdHYOivj4BC,Love Lockdown,International Love (feat. Chris Brown),0.17
1kxeWHF9PrCVZHvVskv8lg,6HZ9VeI5IRFCNQLXhpF4bq,Love Lockdown,I Love It (feat. Charli XCX),0.14
1kxeWHF9PrCVZHvVskv8lg,0pwYLVXVknPSGUQb39cePC,Love Lockdown,As Long As You Love Me,0.15
1kxeWHF9PrCVZHvVskv8lg,3zHq9ouUJQFQRf3cm1rRLu,Love Lockdown,"Love Me Like You Do - From """"Fifty Shades Of Grey""""""""",0.07
1kxeWHF9PrCVZHvVskv8lg,36phXHOKx8rO7CMp2vNX4x,Love Lockdown,Love Myself,0.37
1kxeWHF9PrCVZHvVskv8lg,1BZG99C7Co1r6QUC3zaS59,Love Lockdown,Same Old Love,0.24
1kxeWHF9PrCVZHvVskv8lg,6hvczQ05jc1yGlp9zhb95V,Love Lockdown,Kill This Love,0.27
2EvwLVrnYbCZEG6Kx5DCRy,2V4bv1fNWfTcyRJKmej6Sj,Piece of Me,Cooler Than Me - Single Mix,0.12
2EvwLVrnYbCZEG6Kx5DCRy,16Of7eeW44kt0a1M0nitHM,Piece of Me,You Make Me Feel... (feat. Sabi),0.15
2EvwLVrnYbCZEG6Kx5DCRy,1nZzRJbFvCEct3uzu04ZoL,Piece of Me,Part Of Me,0.61
2EvwLVrnYbCZEG6Kx5DCRy,4HXOBjwv2RnLpGG4xWOO6N,Piece of Me,Princess of China,0.22
2EvwLVrnYbCZEG6Kx5DCRy,4k80K0b6KZ2QjAYkXON7q6,Piece of Me,Blow Me (One Last Kiss),0.16
2EvwLVrnYbCZEG6Kx5DCRy,0pwYLVXVknPSGUQb39cePC,Piece of Me,As Long As You Love Me,0.17
2EvwLVrnYbCZEG6Kx5DCRy,3zHq9ouUJQFQRf3cm1rRLu,Piece of Me,"Love Me Like You Do - From """"Fifty Shades Of Grey""""""""",0.26
2EvwLVrnYbCZEG6Kx5DCRy,1P17dC1amhFzptugyAO7Il,Piece of Me,Look What You Made Me Do,0.1
2EvwLVrnYbCZEG6Kx5DCRy,0EcQcdcbQeVJn9fknj44Be,Piece of Me,I Like Me Better,0.2
2EvwLVrnYbCZEG6Kx5DCRy,67BtfxlNbhBmCDR2L2l8qd,Piece of Me,MONTERO (Call Me By Your Name),0.16
3MldzywZOH4Uci6bq9noyJ,0laYHRpNTS6i8FXdupHkJ4,What You Got,Love You Like A Love Song,0.15
3MldzywZOH4Uci6bq9noyJ,16Of7eeW44kt0a1M0nitHM,What You Got,You Make Me Feel... (feat. Sabi),0.16
3MldzywZOH4Uci6bq9noyJ,6D60klaHqbCl9ySc8VcRss,What You Got,Stronger (What Doesn't Kill You),0.29
3MldzywZOH4Uci6bq9noyJ,0pwYLVXVknPSGUQb39cePC,What You Got,As Long As You Love Me,0.17
3MldzywZOH4Uci6bq9noyJ,3zHq9ouUJQFQRf3cm1rRLu,What You Got,"Love Me Like You Do - From """"Fifty Shades Of Grey""""""""",0.1
3MldzywZOH4Uci6bq9noyJ,6hmhG1b4LEyNuashVvuIAo,What You Got,Never Forget You,0.22
3MldzywZOH4Uci6bq9noyJ,1P17dC1amhFzptugyAO7Il,What You Got,Look What You Made Me Do,0.35
3MldzywZOH4Uci6bq9noyJ,514rhnksEwHUh6LxXsQ4Y9,What You Got,Back To You,0.26
3MldzywZOH4Uci6bq9noyJ,6RRNNciQGZEXnqk8SQ9yv5,What You Got,You Need To Calm Down,0.19
3MldzywZOH4Uci6bq9noyJ,4cluDES4hQEUhmXj6TXkSo,What You Got,What Makes You Beautiful,0.38
3GpbwCm3YxiWDvy29Uo3vP,00Blm7zeNqgYLPtW6zg8cj,Right Round,One Right Now (with The Weeknd),0.13
0SiywuOBRcynK0uKGWdCnn,7kMfu3KUydmrFVGEAhjtyl,Bad Romance,Good Girls Go Bad (feat. Leighton Meester),0.16
0SiywuOBRcynK0uKGWdCnn,2Fxmhks0bxGSBdJ92vM42m,Bad Romance,bad guy,0.44
6cmm1LMvZdB5zsCwX5BjqE,6RRNNciQGZEXnqk8SQ9yv5,Down,You Need To Calm Down,0.19
6cmm1LMvZdB5zsCwX5BjqE,7oVEtyuv9NBmnytsCIsY5I,Down,BURN IT DOWN,0.36
5r5cp9IpziiIsR6b93vcnQ,5jzKL4BDMClWqRguW5qZvh,Walking On A Dream,Teenage Dream,0.22
5r5cp9IpziiIsR6b93vcnQ,7g13jf3zqlP5S68Voo5v9m,Walking On A Dream,Dancing On My Own - Radio Edit,0.09
5r5cp9IpziiIsR6b93vcnQ,0laYHRpNTS6i8FXdupHkJ4,Walking On A Dream,Love You Like A Love Song,0.11
5r5cp9IpziiIsR6b93vcnQ,3sP3c86WFjOzHHnbhhZcLA,Walking On A Dream,Give Your Heart a Break,0.11
5r5cp9IpziiIsR6b93vcnQ,190jyVPHYjAqEaOGmMzdyk,Walking On A Dream,Beauty And A Beat,0.13
5r5cp9IpziiIsR6b93vcnQ,5a7NdkF09AfD0H607eiOkX,Walking On A Dream,On My Mind,0.18
5r5cp9IpziiIsR6b93vcnQ,2BOqDYLOJBiMOXShCV1neZ,Walking On A Dream,Dancing On My Own,0.11
5r5cp9IpziiIsR6b93vcnQ,4SSnFejRGlZikf02HLewEF,Walking On A Dream,bury a friend,0.17
2x7MyWybabEz6Y6wvHuwGE,3JA9Jsuxr4xgHXEawAdCp4,Just Dance,Just Cant Get Enough,0.21
2x7MyWybabEz6Y6wvHuwGE,2xnoPV3NLescauc0ZJ1MDZ,Just Dance,Dance Again (feat. Pitbull),0.24
2x7MyWybabEz6Y6wvHuwGE,2XU0oxnq2qxCpomAAuJY8K,Just Dance,Dance Monkey,0.31
4cS2HQ6jK80vqdY9ofpztx,4bJygwUKrRgq1stlNXcgMg,She Wolf,All The Things She Said,0.19
6TrNRd98WksT9Kkmx9uj6R,0WCiI0ddWiu5F2kSHgfw5S,Let It Rock,Take It Off,0.27
6TrNRd98WksT9Kkmx9uj6R,7HacCTm33hZYYN8DXpCYuG,Let It Rock,I Like It,0.25
6TrNRd98WksT9Kkmx9uj6R,6HZ9VeI5IRFCNQLXhpF4bq,Let It Rock,I Love It (feat. Charli XCX),0.16
6TrNRd98WksT9Kkmx9uj6R,6LoQHIo74tOzQ8EsLEkhgF,Let It Rock,Come & Get It,0.2
6TrNRd98WksT9Kkmx9uj6R,2yLa0QULdQr0qAIvVwN6B5,Let It Rock,...Ready For It?,0.25
6TrNRd98WksT9Kkmx9uj6R,7oVEtyuv9NBmnytsCIsY5I,Let It Rock,BURN IT DOWN,0.28
360ZhWvMnyXKYFG9Mqsm89,2V4bv1fNWfTcyRJKmej6Sj,Evacuate The Dancefloor - Radio Edit,Cooler Than Me - Single Mix,0.07
360ZhWvMnyXKYFG9Mqsm89,7g13jf3zqlP5S68Voo5v9m,Evacuate The Dancefloor - Radio Edit,Dancing On My Own - Radio Edit,0.29
360ZhWvMnyXKYFG9Mqsm89,38iU2jg98IZZEIJPrP7aWD,Evacuate The Dancefloor - Radio Edit,Till the World Ends,0.04
360ZhWvMnyXKYFG9Mqsm89,4b4c0oH7PtrPsI86drzgFs,Evacuate The Dancefloor - Radio Edit,Chasing The Sun,0.05
360ZhWvMnyXKYFG9Mqsm89,5kcE7pp02ezLZaUbbMv3Iq,Evacuate The Dancefloor - Radio Edit,Pound The Alarm,0.02
360ZhWvMnyXKYFG9Mqsm89,2iJuuzV8P9Yz0VSurttIV5,Evacuate The Dancefloor - Radio Edit,Scream & Shout,0.1
360ZhWvMnyXKYFG9Mqsm89,6LoQHIo74tOzQ8EsLEkhgF,Evacuate The Dancefloor - Radio Edit,Come & Get It,0.09
360ZhWvMnyXKYFG9Mqsm89,3zHq9ouUJQFQRf3cm1rRLu,Evacuate The Dancefloor - Radio Edit,"Love Me Like You Do - From """"Fifty Shades Of Grey""""""""",0.05
360ZhWvMnyXKYFG9Mqsm89,3uwnnTQcHM1rDqSfA4gQNz,Evacuate The Dancefloor - Radio Edit,Cool for the Summer,0.05
360ZhWvMnyXKYFG9Mqsm89,7xHWNBFm6ObGEQPaUxHuKO,Evacuate The Dancefloor - Radio Edit,The Greatest (feat. Kendrick Lamar),0.04
360ZhWvMnyXKYFG9Mqsm89,0mt02gJ425Xjm7c3jYkOBn,Evacuate The Dancefloor - Radio Edit,Lust For Life (with The Weeknd),0.04
360ZhWvMnyXKYFG9Mqsm89,00Blm7zeNqgYLPtW6zg8cj,Evacuate The Dancefloor - Radio Edit,One Right Now (with The Weeknd),0.03
360ZhWvMnyXKYFG9Mqsm89,4bJygwUKrRgq1stlNXcgMg,Evacuate The Dancefloor - Radio Edit,All The Things She Said,0.04
7kMfu3KUydmrFVGEAhjtyl,1bM50INir8voAkVoKuvEUI,Good Girls Go Bad (feat. Leighton Meester),OMG (feat. will.i.am),0.1
7kMfu3KUydmrFVGEAhjtyl,7lWUJpax919G4JdaFEVmCy,Good Girls Go Bad (feat. Leighton Meester),Blah Blah Blah (feat. 3OH!3),0.12
7kMfu3KUydmrFVGEAhjtyl,1hBM2D1ULT3aeKuddSwPsK,Good Girls Go Bad (feat. Leighton Meester),STARSTRUKK (feat. Katy Perry),0.09
7kMfu3KUydmrFVGEAhjtyl,5uHYcK0nbEYgRaFTY5BqnP,Good Girls Go Bad (feat. Leighton Meester),Magic (feat. Rivers Cuomo),0.1
7kMfu3KUydmrFVGEAhjtyl,17tDv8WA8IhqE8qzuQn707,Good Girls Go Bad (feat. Leighton Meester),My First Kiss (feat. Ke$ha),0.07
7kMfu3KUydmrFVGEAhjtyl,16Of7eeW44kt0a1M0nitHM,Good Girls Go Bad (feat. Leighton Meester),You Make Me Feel... (feat. Sabi),0.09
7kMfu3KUydmrFVGEAhjtyl,62zFEHfAYl5kdHYOivj4BC,Good Girls Go Bad (feat. Leighton Meester),International Love (feat. Chris Brown),0.1
7kMfu3KUydmrFVGEAhjtyl,1kPpge9JDLpcj15qgrPbYX,Good Girls Go Bad (feat. Leighton Meester),Good Time,0.11
7kMfu3KUydmrFVGEAhjtyl,6s8nHXTJVqFjXE4yVZPDHR,Good Girls Go Bad (feat. Leighton Meester),Troublemaker (feat. Flo Rida),0.08
7kMfu3KUydmrFVGEAhjtyl,6HZ9VeI5IRFCNQLXhpF4bq,Good Girls Go Bad (feat. Leighton Meester),I Love It (feat. Charli XCX),0.1
7kMfu3KUydmrFVGEAhjtyl,2xnoPV3NLescauc0ZJ1MDZ,Good Girls Go Bad (feat. Leighton Meester),Dance Again (feat. Pitbull),0.09
7kMfu3KUydmrFVGEAhjtyl,7MmG8p0F9N3C4AXdK6o6Eb,Good Girls Go Bad (feat. Leighton Meester),Outside (feat. Ellie Goulding),0.08
7kMfu3KUydmrFVGEAhjtyl,7xHWNBFm6ObGEQPaUxHuKO,Good Girls Go Bad (feat. Leighton Meester),The Greatest (feat. Kendrick Lamar),0.07
7kMfu3KUydmrFVGEAhjtyl,2Fxmhks0bxGSBdJ92vM42m,Good Girls Go Bad (feat. Leighton Meester),bad guy,0.16
7kMfu3KUydmrFVGEAhjtyl,3nqQXoyQOWXiESFLlDF1hG,Good Girls Go Bad (feat. Leighton Meester),Unholy (feat. Kim Petras),0.08
7kMfu3KUydmrFVGEAhjtyl,4a9tbd947vo9K8Vti9JwcI,Good Girls Go Bad (feat. Leighton Meester),Boy With Luv (feat. Halsey),0.09
1FKxKGONukVFXWVJxAKmlz,59HjlYCeBsxdI0fcm3zglw,Sweet Dreams,Wildest Dreams,0.44
1FKxKGONukVFXWVJxAKmlz,7DnAm9FOTWE3cUvso43HhI,Sweet Dreams,Sweet but Psycho,0.21
2V4bv1fNWfTcyRJKmej6Sj,7g13jf3zqlP5S68Voo5v9m,Cooler Than Me - Single Mix,Dancing On My Own - Radio Edit,0.07
2V4bv1fNWfTcyRJKmej6Sj,16Of7eeW44kt0a1M0nitHM,Cooler Than Me - Single Mix,You Make Me Feel... (feat. Sabi),0.1
2V4bv1fNWfTcyRJKmej6Sj,1nZzRJbFvCEct3uzu04ZoL,Cooler Than Me - Single Mix,Part Of Me,0.12
2V4bv1fNWfTcyRJKmej6Sj,4k80K0b6KZ2QjAYkXON7q6,Cooler Than Me - Single Mix,Blow Me (One Last Kiss),0.13
2V4bv1fNWfTcyRJKmej6Sj,0pwYLVXVknPSGUQb39cePC,Cooler Than Me - Single Mix,As Long As You Love Me,0.11
2V4bv1fNWfTcyRJKmej6Sj,2iJuuzV8P9Yz0VSurttIV5,Cooler Than Me - Single Mix,Scream & Shout,0.13
2V4bv1fNWfTcyRJKmej6Sj,6LoQHIo74tOzQ8EsLEkhgF,Cooler Than Me - Single Mix,Come & Get It,0.11
2V4bv1fNWfTcyRJKmej6Sj,3zHq9ouUJQFQRf3cm1rRLu,Cooler Than Me - Single Mix,"Love Me Like You Do - From """"Fifty Shades Of Grey""""""""",0.16
2V4bv1fNWfTcyRJKmej6Sj,5eTNdkstwKaNahHf41fJ9u,Cooler Than Me - Single Mix,Hotter Than Hell,0.12
2V4bv1fNWfTcyRJKmej6Sj,1P17dC1amhFzptugyAO7Il,Cooler Than Me - Single Mix,Look What You Made Me Do,0.07
2V4bv1fNWfTcyRJKmej6Sj,0EcQcdcbQeVJn9fknj44Be,Cooler Than Me - Single Mix,I Like Me Better,0.14
2V4bv1fNWfTcyRJKmej6Sj,67BtfxlNbhBmCDR2L2l8qd,Cooler Than Me - Single Mix,MONTERO (Call Me By Your Name),0.12
1bM50INir8voAkVoKuvEUI,7lWUJpax919G4JdaFEVmCy,OMG (feat. will.i.am),Blah Blah Blah (feat. 3OH!3),0.22
1bM50INir8voAkVoKuvEUI,1hBM2D1ULT3aeKuddSwPsK,OMG (feat. will.i.am),STARSTRUKK (feat. Katy Perry),0.16
1bM50INir8voAkVoKuvEUI,5uHYcK0nbEYgRaFTY5BqnP,OMG (feat. will.i.am),Magic (feat. Rivers Cuomo),0.12
1bM50INir8voAkVoKuvEUI,17tDv8WA8IhqE8qzuQn707,OMG (feat. will.i.am),My First Kiss (feat. Ke$ha),0.13
1bM50INir8voAkVoKuvEUI,16Of7eeW44kt0a1M0nitHM,OMG (feat. will.i.am),You Make Me Feel... (feat. Sabi),0.18
1bM50INir8voAkVoKuvEUI,62zFEHfAYl5kdHYOivj4BC,OMG (feat. will.i.am),International Love (feat. Chris Brown),0.17
1bM50INir8voAkVoKuvEUI,6s8nHXTJVqFjXE4yVZPDHR,OMG (feat. will.i.am),Troublemaker (feat. Flo Rida),0.16
1bM50INir8voAkVoKuvEUI,6HZ9VeI5IRFCNQLXhpF4bq,OMG (feat. will.i.am),I Love It (feat. Charli XCX),0.11
1bM50INir8voAkVoKuvEUI,2xnoPV3NLescauc0ZJ1MDZ,OMG (feat. will.i.am),Dance Again (feat. Pitbull),0.15
1bM50INir8voAkVoKuvEUI,7MmG8p0F9N3C4AXdK6o6Eb,OMG (feat. will.i.am),Outside (feat. Ellie Goulding),0.17
1bM50INir8voAkVoKuvEUI,7xHWNBFm6ObGEQPaUxHuKO,OMG (feat. will.i.am),The Greatest (feat. Kendrick Lamar),0.17
1bM50INir8voAkVoKuvEUI,3nqQXoyQOWXiESFLlDF1hG,OMG (feat. will.i.am),Unholy (feat. Kim Petras),0.16
1bM50INir8voAkVoKuvEUI,4a9tbd947vo9K8Vti9JwcI,OMG (feat. will.i.am),Boy With Luv (feat. Halsey),0.15
6vc2Jq2vaGu8z326kSrw92,7ElF5zxOwYP4qVSWVvse3W,Your Love Is My Drug,Break Your Heart,0.1
6vc2Jq2vaGu8z326kSrw92,7g13jf3zqlP5S68Voo5v9m,Your Love Is My Drug,Dancing On My Own - Radio Edit,0.1
6vc2Jq2vaGu8z326kSrw92,17tDv8WA8IhqE8qzuQn707,Your Love Is My Drug,My First Kiss (feat. Ke$ha),0.11
6vc2Jq2vaGu8z326kSrw92,0laYHRpNTS6i8FXdupHkJ4,Your Love Is My Drug,Love You Like A Love Song,0.1
6vc2Jq2vaGu8z326kSrw92,62zFEHfAYl5kdHYOivj4BC,Your Love Is My Drug,International Love (feat. Chris Brown),0.13
6vc2Jq2vaGu8z326kSrw92,6HZ9VeI5IRFCNQLXhpF4bq,Your Love Is My Drug,I Love It (feat. Charli XCX),0.12
6vc2Jq2vaGu8z326kSrw92,3sP3c86WFjOzHHnbhhZcLA,Your Love Is My Drug,Give Your Heart a Break,0.07
6vc2Jq2vaGu8z326kSrw92,0pwYLVXVknPSGUQb39cePC,Your Love Is My Drug,As Long As You Love Me,0.1
6vc2Jq2vaGu8z326kSrw92,3zHq9ouUJQFQRf3cm1rRLu,Your Love Is My Drug,"Love Me Like You Do - From """"Fifty Shades Of Grey""""""""",0.06
6vc2Jq2vaGu8z326kSrw92,36phXHOKx8rO7CMp2vNX4x,Your Love Is My Drug,Love Myself,0.16
6vc2Jq2vaGu8z326kSrw92,5a7NdkF09AfD0H607eiOkX,Your Love Is My Drug,On My Mind,0.19
6vc2Jq2vaGu8z326kSrw92,2BOqDYLOJBiMOXShCV1neZ,Your Love Is My Drug,Dancing On My Own,0.15
6vc2Jq2vaGu8z326kSrw92,1BZG99C7Co1r6QUC3zaS59,Your Love Is My Drug,Same Old Love,0.16
6vc2Jq2vaGu8z326kSrw92,6hvczQ05jc1yGlp9zhb95V,Your Love Is My Drug,Kill This Love,0.15
6vc2Jq2vaGu8z326kSrw92,67BtfxlNbhBmCDR2L2l8qd,Your Love Is My Drug,MONTERO (Call Me By Your Name),0.09
7ElF5zxOwYP4qVSWVvse3W,3sP3c86WFjOzHHnbhhZcLA,Break Your Heart,Give Your Heart a Break,0.68
7ElF5zxOwYP4qVSWVvse3W,1V6gIisPpYqgFeWbMLI0bA,Break Your Heart,Heart Attack,0.29
7ElF5zxOwYP4qVSWVvse3W,5S9lfZu1YF8xKkgSsqL2Bd,Break Your Heart,Elastic Heart,0.25
7ElF5zxOwYP4qVSWVvse3W,67BtfxlNbhBmCDR2L2l8qd,Break Your Heart,MONTERO (Call Me By Your Name),0.1
0WCiI0ddWiu5F2kSHgfw5S,7HacCTm33hZYYN8DXpCYuG,Take It Off,I Like It,0.23
0WCiI0ddWiu5F2kSHgfw5S,6HZ9VeI5IRFCNQLXhpF4bq,Take It Off,I Love It (feat. Charli XCX),0.17
0WCiI0ddWiu5F2kSHgfw5S,6LoQHIo74tOzQ8EsLEkhgF,Take It Off,Come & Get It,0.15
0WCiI0ddWiu5F2kSHgfw5S,2yLa0QULdQr0qAIvVwN6B5,Take It Off,...Ready For It?,0.22
0WCiI0ddWiu5F2kSHgfw5S,7oVEtyuv9NBmnytsCIsY5I,Take It Off,BURN IT DOWN,0.25
7lWUJpax919G4JdaFEVmCy,1hBM2D1ULT3aeKuddSwPsK,Blah Blah Blah (feat. 3OH!3),STARSTRUKK (feat. Katy Perry),0.17
7lWUJpax919G4JdaFEVmCy,5uHYcK0nbEYgRaFTY5BqnP,Blah Blah Blah (feat. 3OH!3),Magic (feat. Rivers Cuomo),0.16
7lWUJpax919G4JdaFEVmCy,17tDv8WA8IhqE8qzuQn707,Blah Blah Blah (feat. 3OH!3),My First Kiss (feat. Ke$ha),0.11
7lWUJpax919G4JdaFEVmCy,16Of7eeW44kt0a1M0nitHM,Blah Blah Blah (feat. 3OH!3),You Make Me Feel... (feat. Sabi),0.14
7lWUJpax919G4JdaFEVmCy,62zFEHfAYl5kdHYOivj4BC,Blah Blah Blah (feat. 3OH!3),International Love (feat. Chris Brown),0.16
7lWUJpax919G4JdaFEVmCy,6s8nHXTJVqFjXE4yVZPDHR,Blah Blah Blah (feat. 3OH!3),Troublemaker (feat. Flo Rida),0.14
7lWUJpax919G4JdaFEVmCy,6HZ9VeI5IRFCNQLXhpF4bq,Blah Blah Blah (feat. 3OH!3),I Love It (feat. Charli XCX),0.14
7lWUJpax919G4JdaFEVmCy,2xnoPV3NLescauc0ZJ1MDZ,Blah Blah Blah (feat. 3OH!3),Dance Again (feat. Pitbull),0.16
7lWUJpax919G4JdaFEVmCy,7MmG8p0F9N3C4AXdK6o6Eb,Blah Blah Blah (feat. 3OH!3),Outside (feat. Ellie Goulding),0.17
7lWUJpax919G4JdaFEVmCy,7xHWNBFm6ObGEQPaUxHuKO,Blah Blah Blah (feat. 3OH!3),The Greatest (feat. Kendrick Lamar),0.15
7lWUJpax919G4JdaFEVmCy,3nqQXoyQOWXiESFLlDF1hG,Blah Blah Blah (feat. 3OH!3),Unholy (feat. Kim Petras),0.16
7lWUJpax919G4JdaFEVmCy,4a9tbd947vo9K8Vti9JwcI,Blah Blah Blah (feat. 3OH!3),Boy With Luv (feat. Halsey),0.15
7HacCTm33hZYYN8DXpCYuG,0laYHRpNTS6i8FXdupHkJ4,I Like It,Love You Like A Love Song,0.15
7HacCTm33hZYYN8DXpCYuG,6HZ9VeI5IRFCNQLXhpF4bq,I Like It,I Love It (feat. Charli XCX),0.3
7HacCTm33hZYYN8DXpCYuG,6LoQHIo74tOzQ8EsLEkhgF,I Like It,Come & Get It,0.18
7HacCTm33hZYYN8DXpCYuG,3zHq9ouUJQFQRf3cm1rRLu,I Like It,"Love Me Like You Do - From """"Fifty Shades Of Grey""""""""",0.1
7HacCTm33hZYYN8DXpCYuG,2yLa0QULdQr0qAIvVwN6B5,I Like It,...Ready For It?,0.25
7HacCTm33hZYYN8DXpCYuG,0EcQcdcbQeVJn9fknj44Be,I Like It,I Like Me Better,0.35
7HacCTm33hZYYN8DXpCYuG,2Xnv3GntqbBH1juvUYSpHG,I Like It,So Am I,0.16
7HacCTm33hZYYN8DXpCYuG,54bFM56PmE4YLRnqpW6Tha,I Like It,Therefore I Am,0.16
7HacCTm33hZYYN8DXpCYuG,7oVEtyuv9NBmnytsCIsY5I,I Like It,BURN IT DOWN,0.24
1hBM2D1ULT3aeKuddSwPsK,5uHYcK0nbEYgRaFTY5BqnP,STARSTRUKK (feat. Katy Perry),Magic (feat. Rivers Cuomo),0.12
1hBM2D1ULT3aeKuddSwPsK,17tDv8WA8IhqE8qzuQn707,STARSTRUKK (feat. Katy Perry),My First Kiss (feat. Ke$ha),0.11
1hBM2D1ULT3aeKuddSwPsK,16Of7eeW44kt0a1M0nitHM,STARSTRUKK (feat. Katy Perry),You Make Me Feel... (feat. Sabi),0.12
1hBM2D1ULT3aeKuddSwPsK,62zFEHfAYl5kdHYOivj4BC,STARSTRUKK (feat. Katy Perry),International Love (feat. Chris Brown),0.13
1hBM2D1ULT3aeKuddSwPsK,6s8nHXTJVqFjXE4yVZPDHR,STARSTRUKK (feat. Katy Perry),Troublemaker (feat. Flo Rida),0.13
1hBM2D1ULT3aeKuddSwPsK,6HZ9VeI5IRFCNQLXhpF4bq,STARSTRUKK (feat. Katy Perry),I Love It (feat. Charli XCX),0.11
1hBM2D1ULT3aeKuddSwPsK,2xnoPV3NLescauc0ZJ1MDZ,STARSTRUKK (feat. Katy Perry),Dance Again (feat. Pitbull),0.12
1hBM2D1ULT3aeKuddSwPsK,7MmG8p0F9N3C4AXdK6o6Eb,STARSTRUKK (feat. Katy Perry),Outside (feat. Ellie Goulding),0.13
1hBM2D1ULT3aeKuddSwPsK,7xHWNBFm6ObGEQPaUxHuKO,STARSTRUKK (feat. Katy Perry),The Greatest (feat. Kendrick Lamar),0.11
1hBM2D1ULT3aeKuddSwPsK,3nqQXoyQOWXiESFLlDF1hG,STARSTRUKK (feat. Katy Perry),Unholy (feat. Kim Petras),0.11
1hBM2D1ULT3aeKuddSwPsK,4a9tbd947vo9K8Vti9JwcI,STARSTRUKK (feat. Katy Perry),Boy With Luv (feat. Halsey),0.12
5uHYcK0nbEYgRaFTY5BqnP,17tDv8WA8IhqE8qzuQn707,Magic (feat. Rivers Cuomo),My First Kiss (feat. Ke$ha),0.08
5uHYcK0nbEYgRaFTY5BqnP,16Of7eeW44kt0a1M0nitHM,Magic (feat. Rivers Cuomo),You Make Me Feel... (feat. Sabi),0.1
5uHYcK0nbEYgRaFTY5BqnP,62zFEHfAYl5kdHYOivj4BC,Magic (feat. Rivers Cuomo),International Love (feat. Chris Brown),0.12
5uHYcK0nbEYgRaFTY5BqnP,6s8nHXTJVqFjXE4yVZPDHR,Magic (feat. Rivers Cuomo),Troublemaker (feat. Flo Rida),0.1
5uHYcK0nbEYgRaFTY5BqnP,6HZ9VeI5IRFCNQLXhpF4bq,Magic (feat. Rivers Cuomo),I Love It (feat. Charli XCX),0.11
5uHYcK0nbEYgRaFTY5BqnP,2xnoPV3NLescauc0ZJ1MDZ,Magic (feat. Rivers Cuomo),Dance Again (feat. Pitbull),0.1
5uHYcK0nbEYgRaFTY5BqnP,7MmG8p0F9N3C4AXdK6o6Eb,Magic (feat. Rivers Cuomo),Outside (feat. Ellie Goulding),0.1
5uHYcK0nbEYgRaFTY5BqnP,7xHWNBFm6ObGEQPaUxHuKO,Magic (feat. Rivers Cuomo),The Greatest (feat. Kendrick Lamar),0.11
5uHYcK0nbEYgRaFTY5BqnP,3nqQXoyQOWXiESFLlDF1hG,Magic (feat. Rivers Cuomo),Unholy (feat. Kim Petras),0.11
5uHYcK0nbEYgRaFTY5BqnP,4a9tbd947vo9K8Vti9JwcI,Magic (feat. Rivers Cuomo),Boy With Luv (feat. Halsey),0.12
7g13jf3zqlP5S68Voo5v9m,17tDv8WA8IhqE8qzuQn707,Dancing On My Own - Radio Edit,My First Kiss (feat. Ke$ha),0.09
7g13jf3zqlP5S68Voo5v9m,2iJuuzV8P9Yz0VSurttIV5,Dancing On My Own - Radio Edit,Scream & Shout,0.07
7g13jf3zqlP5S68Voo5v9m,6LoQHIo74tOzQ8EsLEkhgF,Dancing On My Own - Radio Edit,Come & Get It,0.08
7g13jf3zqlP5S68Voo5v9m,3zHq9ouUJQFQRf3cm1rRLu,Dancing On My Own - Radio Edit,"Love Me Like You Do - From """"Fifty Shades Of Grey""""""""",0.05
7g13jf3zqlP5S68Voo5v9m,5a7NdkF09AfD0H607eiOkX,Dancing On My Own - Radio Edit,On My Mind,0.25
7g13jf3zqlP5S68Voo5v9m,2BOqDYLOJBiMOXShCV1neZ,Dancing On My Own - Radio Edit,Dancing On My Own,0.56
17tDv8WA8IhqE8qzuQn707,16Of7eeW44kt0a1M0nitHM,My First Kiss (feat. Ke$ha),You Make Me Feel... (feat. Sabi),0.12
17tDv8WA8IhqE8qzuQn707,62zFEHfAYl5kdHYOivj4BC,My First Kiss (feat. Ke$ha),International Love (feat. Chris Brown),0.1
17tDv8WA8IhqE8qzuQn707,6s8nHXTJVqFjXE4yVZPDHR,My First Kiss (feat. Ke$ha),Troublemaker (feat. Flo Rida),0.11
17tDv8WA8IhqE8qzuQn707,6HZ9VeI5IRFCNQLXhpF4bq,My First Kiss (feat. Ke$ha),I Love It (feat. Charli XCX),0.08
17tDv8WA8IhqE8qzuQn707,2xnoPV3NLescauc0ZJ1MDZ,My First Kiss (feat. Ke$ha),Dance Again (feat. Pitbull),0.11
17tDv8WA8IhqE8qzuQn707,4k80K0b6KZ2QjAYkXON7q6,My First Kiss (feat. Ke$ha),Blow Me (One Last Kiss),0.13
17tDv8WA8IhqE8qzuQn707,7MmG8p0F9N3C4AXdK6o6Eb,My First Kiss (feat. Ke$ha),Outside (feat. Ellie Goulding),0.13
17tDv8WA8IhqE8qzuQn707,5a7NdkF09AfD0H607eiOkX,My First Kiss (feat. Ke$ha),On My Mind,0.16
17tDv8WA8IhqE8qzuQn707,2BOqDYLOJBiMOXShCV1neZ,My First Kiss (feat. Ke$ha),Dancing On My Own,0.13
17tDv8WA8IhqE8qzuQn707,7xHWNBFm6ObGEQPaUxHuKO,My First Kiss (feat. Ke$ha),The Greatest (feat. Kendrick Lamar),0.11
17tDv8WA8IhqE8qzuQn707,7ef4DlsgrMEH11cDZd32M6,My First Kiss (feat. Ke$ha),One Kiss (with Dua Lipa),0.14
17tDv8WA8IhqE8qzuQn707,3nqQXoyQOWXiESFLlDF1hG,My First Kiss (feat. Ke$ha),Unholy (feat. Kim Petras),0.09
17tDv8WA8IhqE8qzuQn707,4a9tbd947vo9K8Vti9JwcI,My First Kiss (feat. Ke$ha),Boy With Luv (feat. Halsey),0.1
0laYHRpNTS6i8FXdupHkJ4,16Of7eeW44kt0a1M0nitHM,Love You Like A Love Song,You Make Me Feel... (feat. Sabi),0.13
0laYHRpNTS6i8FXdupHkJ4,62zFEHfAYl5kdHYOivj4BC,Love You Like A Love Song,International Love (feat. Chris Brown),0.11
0laYHRpNTS6i8FXdupHkJ4,6HZ9VeI5IRFCNQLXhpF4bq,Love You Like A Love Song,I Love It (feat. Charli XCX),0.1
0laYHRpNTS6i8FXdupHkJ4,3sP3c86WFjOzHHnbhhZcLA,Love You Like A Love Song,Give Your Heart a Break,0.09
0laYHRpNTS6i8FXdupHkJ4,6D60klaHqbCl9ySc8VcRss,Love You Like A Love Song,Stronger (What Doesn't Kill You),0.12
0laYHRpNTS6i8FXdupHkJ4,0pwYLVXVknPSGUQb39cePC,Love You Like A Love Song,As Long As You Love Me,0.22
0laYHRpNTS6i8FXdupHkJ4,190jyVPHYjAqEaOGmMzdyk,Love You Like A Love Song,Beauty And A Beat,0.1
0laYHRpNTS6i8FXdupHkJ4,3zHq9ouUJQFQRf3cm1rRLu,Love You Like A Love Song,"Love Me Like You Do - From """"Fifty Shades Of Grey""""""""",0.27
0laYHRpNTS6i8FXdupHkJ4,6hmhG1b4LEyNuashVvuIAo,Love You Like A Love Song,Never Forget You,0.14
0laYHRpNTS6i8FXdupHkJ4,36phXHOKx8rO7CMp2vNX4x,Love You Like A Love Song,Love Myself,0.14
0laYHRpNTS6i8FXdupHkJ4,1BZG99C7Co1r6QUC3zaS59,Love You Like A Love Song,Same Old Love,0.1
0laYHRpNTS6i8FXdupHkJ4,1P17dC1amhFzptugyAO7Il,Love You Like A Love Song,Look What You Made Me Do,0.1
0laYHRpNTS6i8FXdupHkJ4,0EcQcdcbQeVJn9fknj44Be,Love You Like A Love Song,I Like Me Better,0.14
0laYHRpNTS6i8FXdupHkJ4,514rhnksEwHUh6LxXsQ4Y9,Love You Like A Love Song,Back To You,0.18
0laYHRpNTS6i8FXdupHkJ4,6RRNNciQGZEXnqk8SQ9yv5,Love You Like A Love Song,You Need To Calm Down,0.13
0laYHRpNTS6i8FXdupHkJ4,4SSnFejRGlZikf02HLewEF,Love You Like A Love Song,bury a friend,0.14
0laYHRpNTS6i8FXdupHkJ4,6hvczQ05jc1yGlp9zhb95V,Love You Like A Love Song,Kill This Love,0.16
0laYHRpNTS6i8FXdupHkJ4,4cluDES4hQEUhmXj6TXkSo,Love You Like A Love Song,What Makes You Beautiful,0.14
3JA9Jsuxr4xgHXEawAdCp4,2y4lAQpi5VTNLu2ldeTdUH,Just Cant Get Enough,We Can't Stop,0.2
3JA9Jsuxr4xgHXEawAdCp4,6LoQHIo74tOzQ8EsLEkhgF,Just Cant Get Enough,Come & Get It,0.13
3pYDZTJM2tVBUhIRifWVzI,4k80K0b6KZ2QjAYkXON7q6,Blow,Blow Me (One Last Kiss),0.16
16Of7eeW44kt0a1M0nitHM,62zFEHfAYl5kdHYOivj4BC,You Make Me Feel... (feat. Sabi),International Love (feat. Chris Brown),0.13
16Of7eeW44kt0a1M0nitHM,6s8nHXTJVqFjXE4yVZPDHR,You Make Me Feel... (feat. Sabi),Troublemaker (feat. Flo Rida),0.13
16Of7eeW44kt0a1M0nitHM,6HZ9VeI5IRFCNQLXhpF4bq,You Make Me Feel... (feat. Sabi),I Love It (feat. Charli XCX),0.1
16Of7eeW44kt0a1M0nitHM,1nZzRJbFvCEct3uzu04ZoL,You Make Me Feel... (feat. Sabi),Part Of Me,0.15
16Of7eeW44kt0a1M0nitHM,6D60klaHqbCl9ySc8VcRss,You Make Me Feel... (feat. Sabi),Stronger (What Doesn't Kill You),0.12
16Of7eeW44kt0a1M0nitHM,2xnoPV3NLescauc0ZJ1MDZ,You Make Me Feel... (feat. Sabi),Dance Again (feat. Pitbull),0.15
16Of7eeW44kt0a1M0nitHM,4k80K0b6KZ2QjAYkXON7q6,You Make Me Feel... (feat. Sabi),Blow Me (One Last Kiss),0.16
16Of7eeW44kt0a1M0nitHM,0pwYLVXVknPSGUQb39cePC,You Make Me Feel... (feat. Sabi),As Long As You Love Me,0.31
16Of7eeW44kt0a1M0nitHM,3zHq9ouUJQFQRf3cm1rRLu,You Make Me Feel... (feat. Sabi),"Love Me Like You Do - From """"Fifty Shades Of Grey""""""""",0.24
16Of7eeW44kt0a1M0nitHM,7MmG8p0F9N3C4AXdK6o6Eb,You Make Me Feel... (feat. Sabi),Outside (feat. Ellie Goulding),0.15
16Of7eeW44kt0a1M0nitHM,6hmhG1b4LEyNuashVvuIAo,You Make Me Feel... (feat. Sabi),Never Forget You,0.16
16Of7eeW44kt0a1M0nitHM,7xHWNBFm6ObGEQPaUxHuKO,You Make Me Feel... (feat. Sabi),The Greatest (feat. Kendrick Lamar),0.13
16Of7eeW44kt0a1M0nitHM,1P17dC1amhFzptugyAO7Il,You Make Me Feel... (feat. Sabi),Look What You Made Me Do,0.21
16Of7eeW44kt0a1M0nitHM,0EcQcdcbQeVJn9fknj44Be,You Make Me Feel... (feat. Sabi),I Like Me Better,0.13
16Of7eeW44kt0a1M0nitHM,514rhnksEwHUh6LxXsQ4Y9,You Make Me Feel... (feat. Sabi),Back To You,0.17
16Of7eeW44kt0a1M0nitHM,6RRNNciQGZEXnqk8SQ9yv5,You Make Me Feel... (feat. Sabi),You Need To Calm Down,0.16
16Of7eeW44kt0a1M0nitHM,67BtfxlNbhBmCDR2L2l8qd,You Make Me Feel... (feat. Sabi),MONTERO (Call Me By Your Name),0.14
16Of7eeW44kt0a1M0nitHM,3nqQXoyQOWXiESFLlDF1hG,You Make Me Feel... (feat. Sabi),Unholy (feat. Kim Petras),0.12
16Of7eeW44kt0a1M0nitHM,4cluDES4hQEUhmXj6TXkSo,You Make Me Feel... (feat. Sabi),What Makes You Beautiful,0.16
16Of7eeW44kt0a1M0nitHM,4a9tbd947vo9K8Vti9JwcI,You Make Me Feel... (feat. Sabi),Boy With Luv (feat. Halsey),0.12
6r2BECwMgEoRb5yLfp0Hca,6hvczQ05jc1yGlp9zhb95V,Born This Way,Kill This Love,0.17
38iU2jg98IZZEIJPrP7aWD,4b4c0oH7PtrPsI86drzgFs,Till the World Ends,Chasing The Sun,0.13
38iU2jg98IZZEIJPrP7aWD,5kcE7pp02ezLZaUbbMv3Iq,Till the World Ends,Pound The Alarm,0.09
38iU2jg98IZZEIJPrP7aWD,3uwnnTQcHM1rDqSfA4gQNz,Till the World Ends,Cool for the Summer,0.1
38iU2jg98IZZEIJPrP7aWD,7xHWNBFm6ObGEQPaUxHuKO,Till the World Ends,The Greatest (feat. Kendrick Lamar),0.07
38iU2jg98IZZEIJPrP7aWD,0mt02gJ425Xjm7c3jYkOBn,Till the World Ends,Lust For Life (with The Weeknd),0.07
38iU2jg98IZZEIJPrP7aWD,00Blm7zeNqgYLPtW6zg8cj,Till the World Ends,One Right Now (with The Weeknd),0.04
38iU2jg98IZZEIJPrP7aWD,4bJygwUKrRgq1stlNXcgMg,Till the World Ends,All The Things She Said,0.1
62zFEHfAYl5kdHYOivj4BC,6s8nHXTJVqFjXE4yVZPDHR,International Love (feat. Chris Brown),Troublemaker (feat. Flo Rida),0.13
62zFEHfAYl5kdHYOivj4BC,6HZ9VeI5IRFCNQLXhpF4bq,International Love (feat. Chris Brown),I Love It (feat. Charli XCX),0.22
62zFEHfAYl5kdHYOivj4BC,2xnoPV3NLescauc0ZJ1MDZ,International Love (feat. Chris Brown),Dance Again (feat. Pitbull),0.14
62zFEHfAYl5kdHYOivj4BC,0pwYLVXVknPSGUQb39cePC,International Love (feat. Chris Brown),As Long As You Love Me,0.09
62zFEHfAYl5kdHYOivj4BC,3zHq9ouUJQFQRf3cm1rRLu,International Love (feat. Chris Brown),"Love Me Like You Do - From """"Fifty Shades Of Grey""""""""",0.07
62zFEHfAYl5kdHYOivj4BC,7MmG8p0F9N3C4AXdK6o6Eb,International Love (feat. Chris Brown),Outside (feat. Ellie Goulding),0.13
62zFEHfAYl5kdHYOivj4BC,36phXHOKx8rO7CMp2vNX4x,International Love (feat. Chris Brown),Love Myself,0.14
62zFEHfAYl5kdHYOivj4BC,7xHWNBFm6ObGEQPaUxHuKO,International Love (feat. Chris Brown),The Greatest (feat. Kendrick Lamar),0.13
62zFEHfAYl5kdHYOivj4BC,1BZG99C7Co1r6QUC3zaS59,International Love (feat. Chris Brown),Same Old Love,0.12
62zFEHfAYl5kdHYOivj4BC,6hvczQ05jc1yGlp9zhb95V,International Love (feat. Chris Brown),Kill This Love,0.13
62zFEHfAYl5kdHYOivj4BC,3nqQXoyQOWXiESFLlDF1hG,International Love (feat. Chris Brown),Unholy (feat. Kim Petras),0.13
62zFEHfAYl5kdHYOivj4BC,4a9tbd947vo9K8Vti9JwcI,International Love (feat. Chris Brown),Boy With Luv (feat. Halsey),0.13
6s8nHXTJVqFjXE4yVZPDHR,6HZ9VeI5IRFCNQLXhpF4bq,Troublemaker (feat. Flo Rida),I Love It (feat. Charli XCX),0.08
6s8nHXTJVqFjXE4yVZPDHR,2xnoPV3NLescauc0ZJ1MDZ,Troublemaker (feat. Flo Rida),Dance Again (feat. Pitbull),0.11
6s8nHXTJVqFjXE4yVZPDHR,7MmG8p0F9N3C4AXdK6o6Eb,Troublemaker (feat. Flo Rida),Outside (feat. Ellie Goulding),0.14
6s8nHXTJVqFjXE4yVZPDHR,7xHWNBFm6ObGEQPaUxHuKO,Troublemaker (feat. Flo Rida),The Greatest (feat. Kendrick Lamar),0.15
6s8nHXTJVqFjXE4yVZPDHR,3nqQXoyQOWXiESFLlDF1hG,Troublemaker (feat. Flo Rida),Unholy (feat. Kim Petras),0.08
6s8nHXTJVqFjXE4yVZPDHR,4a9tbd947vo9K8Vti9JwcI,Troublemaker (feat. Flo Rida),Boy With Luv (feat. Halsey),0.13
6HZ9VeI5IRFCNQLXhpF4bq,2xnoPV3NLescauc0ZJ1MDZ,I Love It (feat. Charli XCX),Dance Again (feat. Pitbull),0.09
6HZ9VeI5IRFCNQLXhpF4bq,0pwYLVXVknPSGUQb39cePC,I Love It (feat. Charli XCX),As Long As You Love Me,0.07
6HZ9VeI5IRFCNQLXhpF4bq,6LoQHIo74tOzQ8EsLEkhgF,I Love It (feat. Charli XCX),Come & Get It,0.14
6HZ9VeI5IRFCNQLXhpF4bq,3zHq9ouUJQFQRf3cm1rRLu,I Love It (feat. Charli XCX),"Love Me Like You Do - From """"Fifty Shades Of Grey""""""""",0.07
6HZ9VeI5IRFCNQLXhpF4bq,7MmG8p0F9N3C4AXdK6o6Eb,I Love It (feat. Charli XCX),Outside (feat. Ellie Goulding),0.11
6HZ9VeI5IRFCNQLXhpF4bq,36phXHOKx8rO7CMp2vNX4x,I Love It (feat. Charli XCX),Love Myself,0.13
6HZ9VeI5IRFCNQLXhpF4bq,7xHWNBFm6ObGEQPaUxHuKO,I Love It (feat. Charli XCX),The Greatest (feat. Kendrick Lamar),0.09
6HZ9VeI5IRFCNQLXhpF4bq,1BZG99C7Co1r6QUC3zaS59,I Love It (feat. Charli XCX),Same Old Love,0.13
6HZ9VeI5IRFCNQLXhpF4bq,2yLa0QULdQr0qAIvVwN6B5,I Love It (feat. Charli XCX),...Ready For It?,0.18
6HZ9VeI5IRFCNQLXhpF4bq,0EcQcdcbQeVJn9fknj44Be,I Love It (feat. Charli XCX),I Like Me Better,0.1
6HZ9VeI5IRFCNQLXhpF4bq,6hvczQ05jc1yGlp9zhb95V,I Love It (feat. Charli XCX),Kill This Love,0.13
6HZ9VeI5IRFCNQLXhpF4bq,2Xnv3GntqbBH1juvUYSpHG,I Love It (feat. Charli XCX),So Am I,0.1
6HZ9VeI5IRFCNQLXhpF4bq,54bFM56PmE4YLRnqpW6Tha,I Love It (feat. Charli XCX),Therefore I Am,0.1
6HZ9VeI5IRFCNQLXhpF4bq,3nqQXoyQOWXiESFLlDF1hG,I Love It (feat. Charli XCX),Unholy (feat. Kim Petras),0.1
6HZ9VeI5IRFCNQLXhpF4bq,7oVEtyuv9NBmnytsCIsY5I,I Love It (feat. Charli XCX),BURN IT DOWN,0.17
6HZ9VeI5IRFCNQLXhpF4bq,4a9tbd947vo9K8Vti9JwcI,I Love It (feat. Charli XCX),Boy With Luv (feat. Halsey),0.09
1nZzRJbFvCEct3uzu04ZoL,4HXOBjwv2RnLpGG4xWOO6N,Part Of Me,Princess of China,0.2
1nZzRJbFvCEct3uzu04ZoL,4k80K0b6KZ2QjAYkXON7q6,Part Of Me,Blow Me (One Last Kiss),0.15
1nZzRJbFvCEct3uzu04ZoL,0pwYLVXVknPSGUQb39cePC,Part Of Me,As Long As You Love Me,0.15
1nZzRJbFvCEct3uzu04ZoL,3zHq9ouUJQFQRf3cm1rRLu,Part Of Me,"Love Me Like You Do - From """"Fifty Shades Of Grey""""""""",0.25
1nZzRJbFvCEct3uzu04ZoL,1P17dC1amhFzptugyAO7Il,Part Of Me,Look What You Made Me Do,0.08
1nZzRJbFvCEct3uzu04ZoL,0EcQcdcbQeVJn9fknj44Be,Part Of Me,I Like Me Better,0.19
1nZzRJbFvCEct3uzu04ZoL,67BtfxlNbhBmCDR2L2l8qd,Part Of Me,MONTERO (Call Me By Your Name),0.16
4XNrMwGx1SqP01sqkGTDmo,4k80K0b6KZ2QjAYkXON7q6,One More Night,Blow Me (One Last Kiss),0.09
4XNrMwGx1SqP01sqkGTDmo,7ef4DlsgrMEH11cDZd32M6,One More Night,One Kiss (with Dua Lipa),0.14
4XNrMwGx1SqP01sqkGTDmo,00Blm7zeNqgYLPtW6zg8cj,One More Night,One Right Now (with The Weeknd),0.08
3sP3c86WFjOzHHnbhhZcLA,1V6gIisPpYqgFeWbMLI0bA,Give Your Heart a Break,Heart Attack,0.21
3sP3c86WFjOzHHnbhhZcLA,190jyVPHYjAqEaOGmMzdyk,Give Your Heart a Break,Beauty And A Beat,0.11
3sP3c86WFjOzHHnbhhZcLA,5S9lfZu1YF8xKkgSsqL2Bd,Give Your Heart a Break,Elastic Heart,0.18
3sP3c86WFjOzHHnbhhZcLA,4SSnFejRGlZikf02HLewEF,Give Your Heart a Break,bury a friend,0.16
3sP3c86WFjOzHHnbhhZcLA,67BtfxlNbhBmCDR2L2l8qd,Give Your Heart a Break,MONTERO (Call Me By Your Name),0.06
4HXOBjwv2RnLpGG4xWOO6N,3zHq9ouUJQFQRf3cm1rRLu,Princess of China,"Love Me Like You Do - From """"Fifty Shades Of Grey""""""""",0.08
6D60klaHqbCl9ySc8VcRss,0pwYLVXVknPSGUQb39cePC,Stronger (What Doesn't Kill You),As Long As You Love Me,0.09
6D60klaHqbCl9ySc8VcRss,3zHq9ouUJQFQRf3cm1rRLu,Stronger (What Doesn't Kill You),"Love Me Like You Do - From """"Fifty Shades Of Grey""""""""",0.07
6D60klaHqbCl9ySc8VcRss,6hmhG1b4LEyNuashVvuIAo,Stronger (What Doesn't Kill You),Never Forget You,0.13
6D60klaHqbCl9ySc8VcRss,1P17dC1amhFzptugyAO7Il,Stronger (What Doesn't Kill You),Look What You Made Me Do,0.24
6D60klaHqbCl9ySc8VcRss,514rhnksEwHUh6LxXsQ4Y9,Stronger (What Doesn't Kill You),Back To You,0.16
6D60klaHqbCl9ySc8VcRss,6RRNNciQGZEXnqk8SQ9yv5,Stronger (What Doesn't Kill You),You Need To Calm Down,0.13
6D60klaHqbCl9ySc8VcRss,6hvczQ05jc1yGlp9zhb95V,Stronger (What Doesn't Kill You),Kill This Love,0.11
6D60klaHqbCl9ySc8VcRss,4cluDES4hQEUhmXj6TXkSo,Stronger (What Doesn't Kill You),What Makes You Beautiful,0.28
2xnoPV3NLescauc0ZJ1MDZ,7MmG8p0F9N3C4AXdK6o6Eb,Dance Again (feat. Pitbull),Outside (feat. Ellie Goulding),0.15
2xnoPV3NLescauc0ZJ1MDZ,7xHWNBFm6ObGEQPaUxHuKO,Dance Again (feat. Pitbull),The Greatest (feat. Kendrick Lamar),0.12
2xnoPV3NLescauc0ZJ1MDZ,2XU0oxnq2qxCpomAAuJY8K,Dance Again (feat. Pitbull),Dance Monkey,0.23
2xnoPV3NLescauc0ZJ1MDZ,3nqQXoyQOWXiESFLlDF1hG,Dance Again (feat. Pitbull),Unholy (feat. Kim Petras),0.11
2xnoPV3NLescauc0ZJ1MDZ,4a9tbd947vo9K8Vti9JwcI,Dance Again (feat. Pitbull),Boy With Luv (feat. Halsey),0.13
4k80K0b6KZ2QjAYkXON7q6,0pwYLVXVknPSGUQb39cePC,Blow Me (One Last Kiss),As Long As You Love Me,0.15
4k80K0b6KZ2QjAYkXON7q6,3zHq9ouUJQFQRf3cm1rRLu,Blow Me (One Last Kiss),"Love Me Like You Do - From """"Fifty Shades Of Grey""""""""",0.13
4k80K0b6KZ2QjAYkXON7q6,1P17dC1amhFzptugyAO7Il,Blow Me (One Last Kiss),Look What You Made Me Do,0.09
4k80K0b6KZ2QjAYkXON7q6,7ef4DlsgrMEH11cDZd32M6,Blow Me (One Last Kiss),One Kiss (with Dua Lipa),0.23
4k80K0b6KZ2QjAYkXON7q6,0EcQcdcbQeVJn9fknj44Be,Blow Me (One Last Kiss),I Like Me Better,0.14
4k80K0b6KZ2QjAYkXON7q6,67BtfxlNbhBmCDR2L2l8qd,Blow Me (One Last Kiss),MONTERO (Call Me By Your Name),0.14
4k80K0b6KZ2QjAYkXON7q6,00Blm7zeNqgYLPtW6zg8cj,Blow Me (One Last Kiss),One Right Now (with The Weeknd),0.04
0pwYLVXVknPSGUQb39cePC,3zHq9ouUJQFQRf3cm1rRLu,As Long As You Love Me,"Love Me Like You Do - From """"Fifty Shades Of Grey""""""""",0.33
0pwYLVXVknPSGUQb39cePC,6hmhG1b4LEyNuashVvuIAo,As Long As You Love Me,Never Forget You,0.18
0pwYLVXVknPSGUQb39cePC,36phXHOKx8rO7CMp2vNX4x,As Long As You Love Me,Love Myself,0.16
0pwYLVXVknPSGUQb39cePC,1BZG99C7Co1r6QUC3zaS59,As Long As You Love Me,Same Old Love,0.09
0pwYLVXVknPSGUQb39cePC,1P17dC1amhFzptugyAO7Il,As Long As You Love Me,Look What You Made Me Do,0.24
0pwYLVXVknPSGUQb39cePC,0EcQcdcbQeVJn9fknj44Be,As Long As You Love Me,I Like Me Better,0.17
0pwYLVXVknPSGUQb39cePC,514rhnksEwHUh6LxXsQ4Y9,As Long As You Love Me,Back To You,0.18
0pwYLVXVknPSGUQb39cePC,6RRNNciQGZEXnqk8SQ9yv5,As Long As You Love Me,You Need To Calm Down,0.14
0pwYLVXVknPSGUQb39cePC,6hvczQ05jc1yGlp9zhb95V,As Long As You Love Me,Kill This Love,0.12
0pwYLVXVknPSGUQb39cePC,67BtfxlNbhBmCDR2L2l8qd,As Long As You Love Me,MONTERO (Call Me By Your Name),0.13
0pwYLVXVknPSGUQb39cePC,4cluDES4hQEUhmXj6TXkSo,As Long As You Love Me,What Makes You Beautiful,0.16
4b4c0oH7PtrPsI86drzgFs,5kcE7pp02ezLZaUbbMv3Iq,Chasing The Sun,Pound The Alarm,0.1
4b4c0oH7PtrPsI86drzgFs,3uwnnTQcHM1rDqSfA4gQNz,Chasing The Sun,Cool for the Summer,0.12
4b4c0oH7PtrPsI86drzgFs,7xHWNBFm6ObGEQPaUxHuKO,Chasing The Sun,The Greatest (feat. Kendrick Lamar),0.07
4b4c0oH7PtrPsI86drzgFs,0mt02gJ425Xjm7c3jYkOBn,Chasing The Sun,Lust For Life (with The Weeknd),0.08
4b4c0oH7PtrPsI86drzgFs,00Blm7zeNqgYLPtW6zg8cj,Chasing The Sun,One Right Now (with The Weeknd),0.06
4b4c0oH7PtrPsI86drzgFs,4bJygwUKrRgq1stlNXcgMg,Chasing The Sun,All The Things She Said,0.12
5kcE7pp02ezLZaUbbMv3Iq,3uwnnTQcHM1rDqSfA4gQNz,Pound The Alarm,Cool for the Summer,0.11
5kcE7pp02ezLZaUbbMv3Iq,7xHWNBFm6ObGEQPaUxHuKO,Pound The Alarm,The Greatest (feat. Kendrick Lamar),0.07
5kcE7pp02ezLZaUbbMv3Iq,0mt02gJ425Xjm7c3jYkOBn,Pound The Alarm,Lust For Life (with The Weeknd),0.07
5kcE7pp02ezLZaUbbMv3Iq,00Blm7zeNqgYLPtW6zg8cj,Pound The Alarm,One Right Now (with The Weeknd),0.04
5kcE7pp02ezLZaUbbMv3Iq,4bJygwUKrRgq1stlNXcgMg,Pound The Alarm,All The Things She Said,0.08
1V6gIisPpYqgFeWbMLI0bA,5S9lfZu1YF8xKkgSsqL2Bd,Heart Attack,Elastic Heart,0.35
2y4lAQpi5VTNLu2ldeTdUH,0VwNdo84DaVYLIkbVO86ND,We Can't Stop,We Are Never Ever Getting Back Together,0.12
2iJuuzV8P9Yz0VSurttIV5,6LoQHIo74tOzQ8EsLEkhgF,Scream & Shout,Come & Get It,0.18
2iJuuzV8P9Yz0VSurttIV5,3zHq9ouUJQFQRf3cm1rRLu,Scream & Shout,"Love Me Like You Do - From """"Fifty Shades Of Grey""""""""",0.05
190jyVPHYjAqEaOGmMzdyk,4SSnFejRGlZikf02HLewEF,Beauty And A Beat,bury a friend,0.16
5lF0pHbsJ0QqyIrLweHJPW,7oVEtyuv9NBmnytsCIsY5I,Burn,BURN IT DOWN,0.24
6LoQHIo74tOzQ8EsLEkhgF,3zHq9ouUJQFQRf3cm1rRLu,Come & Get It,"Love Me Like You Do - From """"Fifty Shades Of Grey""""""""",0.07
6LoQHIo74tOzQ8EsLEkhgF,2yLa0QULdQr0qAIvVwN6B5,Come & Get It,...Ready For It?,0.19
6LoQHIo74tOzQ8EsLEkhgF,7oVEtyuv9NBmnytsCIsY5I,Come & Get It,BURN IT DOWN,0.16
14OxJlLdcHNpgsm4DRwDOB,5HCyWlXZPP0y6Gqq8TgA20,Habits (Stay High),STAY (with Justin Bieber),0.17
14OxJlLdcHNpgsm4DRwDOB,5PjdY0CKGZdEuoNab3yDmX,Habits (Stay High),STAY (with Justin Bieber),0.17
3zHq9ouUJQFQRf3cm1rRLu,6hmhG1b4LEyNuashVvuIAo,"Love Me Like You Do - From """"Fifty Shades Of Grey""""""""",Never Forget You,0.09
3zHq9ouUJQFQRf3cm1rRLu,36phXHOKx8rO7CMp2vNX4x,"Love Me Like You Do - From """"Fifty Shades Of Grey""""""""",Love Myself,0.08
3zHq9ouUJQFQRf3cm1rRLu,1BZG99C7Co1r6QUC3zaS59,"Love Me Like You Do - From """"Fifty Shades Of Grey""""""""",Same Old Love,0.07
3zHq9ouUJQFQRf3cm1rRLu,1P17dC1amhFzptugyAO7Il,"Love Me Like You Do - From """"Fifty Shades Of Grey""""""""",Look What You Made Me Do,0.24
3zHq9ouUJQFQRf3cm1rRLu,0EcQcdcbQeVJn9fknj44Be,"Love Me Like You Do - From """"Fifty Shades Of Grey""""""""",I Like Me Better,0.26
3zHq9ouUJQFQRf3cm1rRLu,514rhnksEwHUh6LxXsQ4Y9,"Love Me Like You Do - From """"Fifty Shades Of Grey""""""""",Back To You,0.1
3zHq9ouUJQFQRf3cm1rRLu,6RRNNciQGZEXnqk8SQ9yv5,"Love Me Like You Do - From """"Fifty Shades Of Grey""""""""",You Need To Calm Down,0.09
3zHq9ouUJQFQRf3cm1rRLu,6hvczQ05jc1yGlp9zhb95V,"Love Me Like You Do - From """"Fifty Shades Of Grey""""""""",Kill This Love,0.08
3zHq9ouUJQFQRf3cm1rRLu,67BtfxlNbhBmCDR2L2l8qd,"Love Me Like You Do - From """"Fifty Shades Of Grey""""""""",MONTERO (Call Me By Your Name),0.13
3zHq9ouUJQFQRf3cm1rRLu,4cluDES4hQEUhmXj6TXkSo,"Love Me Like You Do - From """"Fifty Shades Of Grey""""""""",What Makes You Beautiful,0.11
7MmG8p0F9N3C4AXdK6o6Eb,7xHWNBFm6ObGEQPaUxHuKO,Outside (feat. Ellie Goulding),The Greatest (feat. Kendrick Lamar),0.14
7MmG8p0F9N3C4AXdK6o6Eb,3nqQXoyQOWXiESFLlDF1hG,Outside (feat. Ellie Goulding),Unholy (feat. Kim Petras),0.13
7MmG8p0F9N3C4AXdK6o6Eb,4a9tbd947vo9K8Vti9JwcI,Outside (feat. Ellie Goulding),Boy With Luv (feat. Halsey),0.12
1rIKgCH4H52lrvDcz50hS8,0mt02gJ425Xjm7c3jYkOBn,Lush Life,Lust For Life (with The Weeknd),0.15
3uwnnTQcHM1rDqSfA4gQNz,7xHWNBFm6ObGEQPaUxHuKO,Cool for the Summer,The Greatest (feat. Kendrick Lamar),0.09
3uwnnTQcHM1rDqSfA4gQNz,2yLa0QULdQr0qAIvVwN6B5,Cool for the Summer,...Ready For It?,0.15
3uwnnTQcHM1rDqSfA4gQNz,0mt02gJ425Xjm7c3jYkOBn,Cool for the Summer,Lust For Life (with The Weeknd),0.17
3uwnnTQcHM1rDqSfA4gQNz,1BxfuPKGuaTgP7aM0Bbdwr,Cool for the Summer,Cruel Summer,0.19
3uwnnTQcHM1rDqSfA4gQNz,00Blm7zeNqgYLPtW6zg8cj,Cool for the Summer,One Right Now (with The Weeknd),0.06
3uwnnTQcHM1rDqSfA4gQNz,4bJygwUKrRgq1stlNXcgMg,Cool for the Summer,All The Things She Said,0.1
6hmhG1b4LEyNuashVvuIAo,1P17dC1amhFzptugyAO7Il,Never Forget You,Look What You Made Me Do,0.14
6hmhG1b4LEyNuashVvuIAo,514rhnksEwHUh6LxXsQ4Y9,Never Forget You,Back To You,0.24
6hmhG1b4LEyNuashVvuIAo,6RRNNciQGZEXnqk8SQ9yv5,Never Forget You,You Need To Calm Down,0.2
6hmhG1b4LEyNuashVvuIAo,5PYQUBXc7NYeI1obMKSJK0,Never Forget You,Never Really Over,0.19
6hmhG1b4LEyNuashVvuIAo,2NbsBSshscKIPRG3kwBbfo,Never Forget You,Never Felt So Alone,0.2
6hmhG1b4LEyNuashVvuIAo,4cluDES4hQEUhmXj6TXkSo,Never Forget You,What Makes You Beautiful,0.19
6hmhG1b4LEyNuashVvuIAo,0VwNdo84DaVYLIkbVO86ND,Never Forget You,We Are Never Ever Getting Back Together,0.1
36phXHOKx8rO7CMp2vNX4x,1BZG99C7Co1r6QUC3zaS59,Love Myself,Same Old Love,0.21
36phXHOKx8rO7CMp2vNX4x,6hvczQ05jc1yGlp9zhb95V,Love Myself,Kill This Love,0.27
5a7NdkF09AfD0H607eiOkX,2BOqDYLOJBiMOXShCV1neZ,On My Mind,Dancing On My Own,0.4
7xHWNBFm6ObGEQPaUxHuKO,0mt02gJ425Xjm7c3jYkOBn,The Greatest (feat. Kendrick Lamar),Lust For Life (with The Weeknd),0.04
7xHWNBFm6ObGEQPaUxHuKO,3nqQXoyQOWXiESFLlDF1hG,The Greatest (feat. Kendrick Lamar),Unholy (feat. Kim Petras),0.1
7xHWNBFm6ObGEQPaUxHuKO,00Blm7zeNqgYLPtW6zg8cj,The Greatest (feat. Kendrick Lamar),One Right Now (with The Weeknd),0.03
7xHWNBFm6ObGEQPaUxHuKO,4bJygwUKrRgq1stlNXcgMg,The Greatest (feat. Kendrick Lamar),All The Things She Said,0.07
7xHWNBFm6ObGEQPaUxHuKO,4a9tbd947vo9K8Vti9JwcI,The Greatest (feat. Kendrick Lamar),Boy With Luv (feat. Halsey),0.12
1BZG99C7Co1r6QUC3zaS59,6hvczQ05jc1yGlp9zhb95V,Same Old Love,Kill This Love,0.16
2yLa0QULdQr0qAIvVwN6B5,0mt02gJ425Xjm7c3jYkOBn,...Ready For It?,Lust For Life (with The Weeknd),0.1
2yLa0QULdQr0qAIvVwN6B5,7oVEtyuv9NBmnytsCIsY5I,...Ready For It?,BURN IT DOWN,0.26
1P17dC1amhFzptugyAO7Il,0EcQcdcbQeVJn9fknj44Be,Look What You Made Me Do,I Like Me Better,0.11
1P17dC1amhFzptugyAO7Il,514rhnksEwHUh6LxXsQ4Y9,Look What You Made Me Do,Back To You,0.18
1P17dC1amhFzptugyAO7Il,6RRNNciQGZEXnqk8SQ9yv5,Look What You Made Me Do,You Need To Calm Down,0.13
1P17dC1amhFzptugyAO7Il,67BtfxlNbhBmCDR2L2l8qd,Look What You Made Me Do,MONTERO (Call Me By Your Name),0.09
1P17dC1amhFzptugyAO7Il,4cluDES4hQEUhmXj6TXkSo,Look What You Made Me Do,What Makes You Beautiful,0.29
2Y0iGXY6m6immVb2ktbseM,4jbmgIyjGoXjY01XxatOx6,Little Dark Age,Dark Horse,0.2
0mt02gJ425Xjm7c3jYkOBn,7ef4DlsgrMEH11cDZd32M6,Lust For Life (with The Weeknd),One Kiss (with Dua Lipa),0.12
0mt02gJ425Xjm7c3jYkOBn,2J4P46vCFm1rPkNkp9pZWX,Lust For Life (with The Weeknd),Ice Cream (with Selena Gomez),0.09
0mt02gJ425Xjm7c3jYkOBn,5HCyWlXZPP0y6Gqq8TgA20,Lust For Life (with The Weeknd),STAY (with Justin Bieber),0.09
0mt02gJ425Xjm7c3jYkOBn,00Blm7zeNqgYLPtW6zg8cj,Lust For Life (with The Weeknd),One Right Now (with The Weeknd),0.41
0mt02gJ425Xjm7c3jYkOBn,5PjdY0CKGZdEuoNab3yDmX,Lust For Life (with The Weeknd),STAY (with Justin Bieber),0.09
0mt02gJ425Xjm7c3jYkOBn,4bJygwUKrRgq1stlNXcgMg,Lust For Life (with The Weeknd),All The Things She Said,0.05
0mt02gJ425Xjm7c3jYkOBn,4a9tbd947vo9K8Vti9JwcI,Lust For Life (with The Weeknd),Boy With Luv (feat. Halsey),0.07
6ie2Bw3xLj2JcGowOlcMhb,1BSMpVGWs3v5BZKnAQziAc,Green Light,Light Switch,0.28
7ef4DlsgrMEH11cDZd32M6,2J4P46vCFm1rPkNkp9pZWX,One Kiss (with Dua Lipa),Ice Cream (with Selena Gomez),0.09
7ef4DlsgrMEH11cDZd32M6,5HCyWlXZPP0y6Gqq8TgA20,One Kiss (with Dua Lipa),STAY (with Justin Bieber),0.09
7ef4DlsgrMEH11cDZd32M6,00Blm7zeNqgYLPtW6zg8cj,One Kiss (with Dua Lipa),One Right Now (with The Weeknd),0.17
7ef4DlsgrMEH11cDZd32M6,5PjdY0CKGZdEuoNab3yDmX,One Kiss (with Dua Lipa),STAY (with Justin Bieber),0.09
7ef4DlsgrMEH11cDZd32M6,4a9tbd947vo9K8Vti9JwcI,One Kiss (with Dua Lipa),Boy With Luv (feat. Halsey),0.07
0EcQcdcbQeVJn9fknj44Be,2Xnv3GntqbBH1juvUYSpHG,I Like Me Better,So Am I,0.13
0EcQcdcbQeVJn9fknj44Be,54bFM56PmE4YLRnqpW6Tha,I Like Me Better,Therefore I Am,0.11
0EcQcdcbQeVJn9fknj44Be,67BtfxlNbhBmCDR2L2l8qd,I Like Me Better,MONTERO (Call Me By Your Name),0.16
514rhnksEwHUh6LxXsQ4Y9,6RRNNciQGZEXnqk8SQ9yv5,Back To You,You Need To Calm Down,0.38
514rhnksEwHUh6LxXsQ4Y9,4cluDES4hQEUhmXj6TXkSo,Back To You,What Makes You Beautiful,0.2
514rhnksEwHUh6LxXsQ4Y9,0VwNdo84DaVYLIkbVO86ND,Back To You,We Are Never Ever Getting Back Together,0.11
6RRNNciQGZEXnqk8SQ9yv5,4cluDES4hQEUhmXj6TXkSo,You Need To Calm Down,What Makes You Beautiful,0.17
6RRNNciQGZEXnqk8SQ9yv5,7oVEtyuv9NBmnytsCIsY5I,You Need To Calm Down,BURN IT DOWN,0.13
7LpMG3AEaIJgs62HQhAa91,2Xnv3GntqbBH1juvUYSpHG,i'm so tired...,So Am I,0.17
7LpMG3AEaIJgs62HQhAa91,2NbsBSshscKIPRG3kwBbfo,i'm so tired...,Never Felt So Alone,0.12
2Xnv3GntqbBH1juvUYSpHG,54bFM56PmE4YLRnqpW6Tha,So Am I,Therefore I Am,0.48
2Xnv3GntqbBH1juvUYSpHG,2NbsBSshscKIPRG3kwBbfo,So Am I,Never Felt So Alone,0.11
5PYQUBXc7NYeI1obMKSJK0,2NbsBSshscKIPRG3kwBbfo,Never Really Over,Never Felt So Alone,0.21
5PYQUBXc7NYeI1obMKSJK0,0VwNdo84DaVYLIkbVO86ND,Never Really Over,We Are Never Ever Getting Back Together,0.14
0sf12qNH5qcw8qpgymFOqD,0VjIjW4GlUZAMYd2vXMi3b,Blinding Lights,Blinding Lights,1.0
0sf12qNH5qcw8qpgymFOqD,5TRPicyLGbAF2LGBFbHGvO,Blinding Lights,Flashing Lights,0.38
2J4P46vCFm1rPkNkp9pZWX,5HCyWlXZPP0y6Gqq8TgA20,Ice Cream (with Selena Gomez),STAY (with Justin Bieber),0.06
2J4P46vCFm1rPkNkp9pZWX,00Blm7zeNqgYLPtW6zg8cj,Ice Cream (with Selena Gomez),One Right Now (with The Weeknd),0.09
2J4P46vCFm1rPkNkp9pZWX,5PjdY0CKGZdEuoNab3yDmX,Ice Cream (with Selena Gomez),STAY (with Justin Bieber),0.06
2J4P46vCFm1rPkNkp9pZWX,4a9tbd947vo9K8Vti9JwcI,Ice Cream (with Selena Gomez),Boy With Luv (feat. Halsey),0.07
5HCyWlXZPP0y6Gqq8TgA20,00Blm7zeNqgYLPtW6zg8cj,STAY (with Justin Bieber),One Right Now (with The Weeknd),0.09
5HCyWlXZPP0y6Gqq8TgA20,5PjdY0CKGZdEuoNab3yDmX,STAY (with Justin Bieber),STAY (with Justin Bieber),1.0
5HCyWlXZPP0y6Gqq8TgA20,4a9tbd947vo9K8Vti9JwcI,STAY (with Justin Bieber),Boy With Luv (feat. Halsey),0.05
0VjIjW4GlUZAMYd2vXMi3b,5TRPicyLGbAF2LGBFbHGvO,Blinding Lights,Flashing Lights,0.38
3nqQXoyQOWXiESFLlDF1hG,4a9tbd947vo9K8Vti9JwcI,Unholy (feat. Kim Petras),Boy With Luv (feat. Halsey),0.1
00Blm7zeNqgYLPtW6zg8cj,5PjdY0CKGZdEuoNab3yDmX,One Right Now (with The Weeknd),STAY (with Justin Bieber),0.09
00Blm7zeNqgYLPtW6zg8cj,4bJygwUKrRgq1stlNXcgMg,One Right Now (with The Weeknd),All The Things She Said,0.03
00Blm7zeNqgYLPtW6zg8cj,4a9tbd947vo9K8Vti9JwcI,One Right Now (with The Weeknd),Boy With Luv (feat. Halsey),0.08
5PjdY0CKGZdEuoNab3yDmX,4a9tbd947vo9K8Vti9JwcI,STAY (with Justin Bieber),Boy With Luv (feat. Halsey),0.05
3rWDp9tBPQR9z6U5YyRSK4,1eyzqe2QqGZUmfcPZtrIyt,Midnight Rain,Midnight City,0.34
3rWDp9tBPQR9z6U5YyRSK4,27ycaQnQAxaPiyeg3nr2aB,Midnight Rain,Midnight Sky,0.38
2NbsBSshscKIPRG3kwBbfo,0VwNdo84DaVYLIkbVO86ND,Never Felt So Alone,We Are Never Ever Getting Back Together,0.13
1eyzqe2QqGZUmfcPZtrIyt,27ycaQnQAxaPiyeg3nr2aB,Midnight City,Midnight Sky,0.37
