4dTaAiV9xFFCxnPur9c9yL,6ebkx7Q5tTxrCxKq4GYj0Y,Memories (feat. Kid Cudi),Club Can't Handle Me (feat. David Guetta),0.09
4dTaAiV9xFFCxnPur9c9yL,4QNpBfC0zvjKqPJcyqBy9W,Memories (feat. Kid Cudi),Give Me Everything (feat. Nayer),0.1
4dTaAiV9xFFCxnPur9c9yL,3rfhI32Il2hVRKDkuGeeen,Memories (feat. Kid Cudi),Hey Baby (Drop It to the Floor) (feat. T-Pain),0.06
4dTaAiV9xFFCxnPur9c9yL,63rbP24OzfaQCJjsHWZXnY,Memories (feat. Kid Cudi),Where Them Girls At (feat. Nicki Minaj & Flo Rida),0.08
4dTaAiV9xFFCxnPur9c9yL,1NpW5kyvO4XrNJ3rnfcNy3,Memories (feat. Kid Cudi),Wild Ones (feat. Sia),0.1
4dTaAiV9xFFCxnPur9c9yL,3Tu7uWBecS6GsLsL8UONKn,Memories (feat. Kid Cudi),Don't Stop the Party (feat. TJR),0.12
4dTaAiV9xFFCxnPur9c9yL,2QD4C6RRHgRNRAyrfnoeAo,Memories (feat. Kid Cudi),Play Hard (feat. Ne-Yo & Akon),0.05
4dTaAiV9xFFCxnPur9c9yL,3bu6Gu2lzm9VEoab1za8BM,Memories (feat. Kid Cudi),Get Up (Rattle) [feat. Far East Movement] - Vocal Edit,0.08
4dTaAiV9xFFCxnPur9c9yL,1oHxIPqJyvAYHy0PVrDU98,Memories (feat. Kid Cudi),Drinking from the Bottle (feat. Tinie Tempah),0.06
4dTaAiV9xFFCxnPur9c9yL,4lnAN2S1fcI0SjxEbksZVr,Memories (feat. Kid Cudi),Fetish (feat. Gucci Mane),0.09
6ebkx7Q5tTxrCxKq4GYj0Y,4QNpBfC0zvjKqPJcyqBy9W,Club Can't Handle Me (feat. David Guetta),Give Me Everything (feat. Nayer),0.2
6ebkx7Q5tTxrCxKq4GYj0Y,3rfhI32Il2hVRKDkuGeeen,Club Can't Handle Me (feat. David Guetta),Hey Baby (Drop It to the Floor) (feat. T-Pain),0.04
6ebkx7Q5tTxrCxKq4GYj0Y,63rbP24OzfaQCJjsHWZXnY,Club Can't Handle Me (feat. David Guetta),Where Them Girls At (feat. Nicki Minaj & Flo Rida),0.06
6ebkx7Q5tTxrCxKq4GYj0Y,1NpW5kyvO4XrNJ3rnfcNy3,Club Can't Handle Me (feat. David Guetta),Wild Ones (feat. Sia),0.07
6ebkx7Q5tTxrCxKq4GYj0Y,3Tu7uWBecS6GsLsL8UONKn,Club Can't Handle Me (feat. David Guetta),Don't Stop the Party (feat. TJR),0.08
6ebkx7Q5tTxrCxKq4GYj0Y,2QD4C6RRHgRNRAyrfnoeAo,Club Can't Handle Me (feat. David Guetta),Play Hard (feat. Ne-Yo & Akon),0.05
6ebkx7Q5tTxrCxKq4GYj0Y,3bu6Gu2lzm9VEoab1za8BM,Club Can't Handle Me (feat. David Guetta),Get Up (Rattle) [feat. Far East Movement] - Vocal Edit,0.06
6ebkx7Q5tTxrCxKq4GYj0Y,1oHxIPqJyvAYHy0PVrDU98,Club Can't Handle Me (feat. David Guetta),Drinking from the Bottle (feat. Tinie Tempah),0.05
6ebkx7Q5tTxrCxKq4GYj0Y,1PAYgOjp1c9rrZ2kVQg2vN,Club Can't Handle Me (feat. David Guetta),Changed the Way You Kiss Me - Radio Edit,0.1
6ebkx7Q5tTxrCxKq4GYj0Y,4lnAN2S1fcI0SjxEbksZVr,Club Can't Handle Me (feat. David Guetta),Fetish (feat. Gucci Mane),0.08
0IkKz2J93C94Ei4BvDop7P,3Tu7uWBecS6GsLsL8UONKn,Party Rock Anthem,Don't Stop the Party (feat. TJR),0.12
4QNpBfC0zvjKqPJcyqBy9W,3rfhI32Il2hVRKDkuGeeen,Give Me Everything (feat. Nayer),Hey Baby (Drop It to the Floor) (feat. T-Pain),0.02
4QNpBfC0zvjKqPJcyqBy9W,63rbP24OzfaQCJjsHWZXnY,Give Me Everything (feat. Nayer),Where Them Girls At (feat. Nicki Minaj & Flo Rida),0.07
4QNpBfC0zvjKqPJcyqBy9W,1NpW5kyvO4XrNJ3rnfcNy3,Give Me Everything (feat. Nayer),Wild Ones (feat. Sia),0.1
4QNpBfC0zvjKqPJcyqBy9W,3Tu7uWBecS6GsLsL8UONKn,Give Me Everything (feat. Nayer),Don't Stop the Party (feat. TJR),0.08
4QNpBfC0zvjKqPJcyqBy9W,2QD4C6RRHgRNRAyrfnoeAo,Give Me Everything (feat. Nayer),Play Hard (feat. Ne-Yo & Akon),0.06
4QNpBfC0zvjKqPJcyqBy9W,3bu6Gu2lzm9VEoab1za8BM,Give Me Everything (feat. Nayer),Get Up (Rattle) [feat. Far East Movement] - Vocal Edit,0.07
4QNpBfC0zvjKqPJcyqBy9W,1oHxIPqJyvAYHy0PVrDU98,Give Me Everything (feat. Nayer),Drinking from the Bottle (feat. Tinie Tempah),0.04
4QNpBfC0zvjKqPJcyqBy9W,1PAYgOjp1c9rrZ2kVQg2vN,Give Me Everything (feat. Nayer),Changed the Way You Kiss Me - Radio Edit,0.09
4QNpBfC0zvjKqPJcyqBy9W,4lnAN2S1fcI0SjxEbksZVr,Give Me Everything (feat. Nayer),Fetish (feat. Gucci Mane),0.08
3rfhI32Il2hVRKDkuGeeen,63rbP24OzfaQCJjsHWZXnY,Hey Baby (Drop It to the Floor) (feat. T-Pain),Where Them Girls At (feat. Nicki Minaj & Flo Rida),0.04
3rfhI32Il2hVRKDkuGeeen,1NpW5kyvO4XrNJ3rnfcNy3,Hey Baby (Drop It to the Floor) (feat. T-Pain),Wild Ones (feat. Sia),0.05
3rfhI32Il2hVRKDkuGeeen,3Tu7uWBecS6GsLsL8UONKn,Hey Baby (Drop It to the Floor) (feat. T-Pain),Don't Stop the Party (feat. TJR),0.13
3rfhI32Il2hVRKDkuGeeen,2QD4C6RRHgRNRAyrfnoeAo,Hey Baby (Drop It to the Floor) (feat. T-Pain),Play Hard (feat. Ne-Yo & Akon),0.03
3rfhI32Il2hVRKDkuGeeen,3bu6Gu2lzm9VEoab1za8BM,Hey Baby (Drop It to the Floor) (feat. T-Pain),Get Up (Rattle) [feat. Far East Movement] - Vocal Edit,0.04
3rfhI32Il2hVRKDkuGeeen,1oHxIPqJyvAYHy0PVrDU98,Hey Baby (Drop It to the Floor) (feat. T-Pain),Drinking from the Bottle (feat. Tinie Tempah),0.09
3rfhI32Il2hVRKDkuGeeen,1PAYgOjp1c9rrZ2kVQg2vN,Hey Baby (Drop It to the Floor) (feat. T-Pain),Changed the Way You Kiss Me - Radio Edit,0.05
3rfhI32Il2hVRKDkuGeeen,4lnAN2S1fcI0SjxEbksZVr,Hey Baby (Drop It to the Floor) (feat. T-Pain),Fetish (feat. Gucci Mane),0.04
63rbP24OzfaQCJjsHWZXnY,1NpW5kyvO4XrNJ3rnfcNy3,Where Them Girls At (feat. Nicki Minaj & Flo Rida),Wild Ones (feat. Sia),0.08
63rbP24OzfaQCJjsHWZXnY,3Tu7uWBecS6GsLsL8UONKn,Where Them Girls At (feat. Nicki Minaj & Flo Rida),Don't Stop the Party (feat. TJR),0.07
63rbP24OzfaQCJjsHWZXnY,2QD4C6RRHgRNRAyrfnoeAo,Where Them Girls At (feat. Nicki Minaj & Flo Rida),Play Hard (feat. Ne-Yo & Akon),0.12
63rbP24OzfaQCJjsHWZXnY,3bu6Gu2lzm9VEoab1za8BM,Where Them Girls At (feat. Nicki Minaj & Flo Rida),Get Up (Rattle) [feat. Far East Movement] - Vocal Edit,0.14
63rbP24OzfaQCJjsHWZXnY,1oHxIPqJyvAYHy0PVrDU98,Where Them Girls At (feat. Nicki Minaj & Flo Rida),Drinking from the Bottle (feat. Tinie Tempah),0.03
63rbP24OzfaQCJjsHWZXnY,1PAYgOjp1c9rrZ2kVQg2vN,Where Them Girls At (feat. Nicki Minaj & Flo Rida),Changed the Way You Kiss Me - Radio Edit,0.05
63rbP24OzfaQCJjsHWZXnY,4lnAN2S1fcI0SjxEbksZVr,Where Them Girls At (feat. Nicki Minaj & Flo Rida),Fetish (feat. Gucci Mane),0.05
1NpW5kyvO4XrNJ3rnfcNy3,3Tu7uWBecS6GsLsL8UONKn,Wild Ones (feat. Sia),Don't Stop the Party (feat. TJR),0.11
1NpW5kyvO4XrNJ3rnfcNy3,2QD4C6RRHgRNRAyrfnoeAo,Wild Ones (feat. Sia),Play Hard (feat. Ne-Yo & Akon),0.07
1NpW5kyvO4XrNJ3rnfcNy3,3bu6Gu2lzm9VEoab1za8BM,Wild Ones (feat. Sia),Get Up (Rattle) [feat. Far East Movement] - Vocal Edit,0.08
1NpW5kyvO4XrNJ3rnfcNy3,1oHxIPqJyvAYHy0PVrDU98,Wild Ones (feat. Sia),Drinking from the Bottle (feat. Tinie Tempah),0.05
1NpW5kyvO4XrNJ3rnfcNy3,4lnAN2S1fcI0SjxEbksZVr,Wild Ones (feat. Sia),Fetish (feat. Gucci Mane),0.1
3Tu7uWBecS6GsLsL8UONKn,2QD4C6RRHgRNRAyrfnoeAo,Don't Stop the Party (feat. TJR),Play Hard (feat. Ne-Yo & Akon),0.06
3Tu7uWBecS6GsLsL8UONKn,3bu6Gu2lzm9VEoab1za8BM,Don't Stop the Party (feat. TJR),Get Up (Rattle) [feat. Far East Movement] - Vocal Edit,0.06
3Tu7uWBecS6GsLsL8UONKn,1oHxIPqJyvAYHy0PVrDU98,Don't Stop the Party (feat. TJR),Drinking from the Bottle (feat. Tinie Tempah),0.12
3Tu7uWBecS6GsLsL8UONKn,1PAYgOjp1c9rrZ2kVQg2vN,Don't Stop the Party (feat. TJR),Changed the Way You Kiss Me - Radio Edit,0.04
3Tu7uWBecS6GsLsL8UONKn,4lnAN2S1fcI0SjxEbksZVr,Don't Stop the Party (feat. TJR),Fetish (feat. Gucci Mane),0.08
2QD4C6RRHgRNRAyrfnoeAo,3bu6Gu2lzm9VEoab1za8BM,Play Hard (feat. Ne-Yo & Akon),Get Up (Rattle) [feat. Far East Movement] - Vocal Edit,0.13
2QD4C6RRHgRNRAyrfnoeAo,1oHxIPqJyvAYHy0PVrDU98,Play Hard (feat. Ne-Yo & Akon),Drinking from the Bottle (feat. Tinie Tempah),0.04
2QD4C6RRHgRNRAyrfnoeAo,1PAYgOjp1c9rrZ2kVQg2vN,Play Hard (feat. Ne-Yo & Akon),Changed the Way You Kiss Me - Radio Edit,0.07
2QD4C6RRHgRNRAyrfnoeAo,4lnAN2S1fcI0SjxEbksZVr,Play Hard (feat. Ne-Yo & Akon),Fetish (feat. Gucci Mane),0.05
3bu6Gu2lzm9VEoab1za8BM,1oHxIPqJyvAYHy0PVrDU98,Get Up (Rattle) [feat. Far East Movement] - Vocal Edit,Drinking from the Bottle (feat. Tinie Tempah),0.04
3bu6Gu2lzm9VEoab1za8BM,1PAYgOjp1c9rrZ2kVQg2vN,Get Up (Rattle) [feat. Far East Movement] - Vocal Edit,Changed the Way You Kiss Me - Radio Edit,0.09
3bu6Gu2lzm9VEoab1za8BM,4lnAN2S1fcI0SjxEbksZVr,Get Up (Rattle) [feat. Far East Movement] - Vocal Edit,Fetish (feat. Gucci Mane),0.05
1oHxIPqJyvAYHy0PVrDU98,1PAYgOjp1c9rrZ2kVQg2vN,Drinking from the Bottle (feat. Tinie Tempah),Changed the Way You Kiss Me - Radio Edit,0.03
1oHxIPqJyvAYHy0PVrDU98,4lnAN2S1fcI0SjxEbksZVr,Drinking from the Bottle (feat. Tinie Tempah),Fetish (feat. Gucci Mane),0.04
