2Bo0hh0yoQReC4reJav5DT,1i1fxkWeaMmKEB4T7zqbzK,Breathe Me,Don't Let Me Down,0.22
2Bo0hh0yoQReC4reJav5DT,39cmB3ZoTOLwOTq7tMNqKa,Breathe Me,Hear Me Now,0.27
2Bo0hh0yoQReC4reJav5DT,4BdGO1CaObRD4La9l5Zanz,Breathe Me,Sit Next to Me,0.24
2Bo0hh0yoQReC4reJav5DT,45bE4HXI0AwGZXfZtMp8JR,Breathe Me,you broke me first,0.25
2Bo0hh0yoQReC4reJav5DT,78Sw5GDo6AlGwTwanjXbGh,Breathe Me,Here With Me,0.28
1YLJVmuzeM2YSUkCCaTNUB,7a86XRg84qjasly9f6bPSD,Dog Days Are Over,We Are Young (feat. Janelle Monáe),0.09
7a86XRg84qjasly9f6bPSD,6IPwKM3fUUzlElbvKw2sKl,We Are Young (feat. Janelle Monáe),we fell in love in october,0.11
2NniAhAtkRACaMeYt48xlD,4BdGO1CaObRD4La9l5Zanz,50 Ways to Say Goodbye,Sit Next to Me,0.14
3JvKfv6T31zO0ini8iNItO,6IPwKM3fUUzlElbvKw2sKl,Another Love,we fell in love in october,0.13
1i1fxkWeaMmKEB4T7zqbzK,39cmB3ZoTOLwOTq7tMNqKa,Don't Let Me Down,Hear Me Now,0.21
1i1fxkWeaMmKEB4T7zqbzK,4BdGO1CaObRD4La9l5Zanz,Don't Let Me Down,Sit Next to Me,0.19
1i1fxkWeaMmKEB4T7zqbzK,45bE4HXI0AwGZXfZtMp8JR,Don't Let Me Down,you broke me first,0.16
1i1fxkWeaMmKEB4T7zqbzK,78Sw5GDo6AlGwTwanjXbGh,Don't Let Me Down,Here With Me,0.2
39cmB3ZoTOLwOTq7tMNqKa,4BdGO1CaObRD4La9l5Zanz,Hear Me Now,Sit Next to Me,0.2
39cmB3ZoTOLwOTq7tMNqKa,45bE4HXI0AwGZXfZtMp8JR,Hear Me Now,you broke me first,0.18
39cmB3ZoTOLwOTq7tMNqKa,78Sw5GDo6AlGwTwanjXbGh,Hear Me Now,Here With Me,0.2
4BdGO1CaObRD4La9l5Zanz,45bE4HXI0AwGZXfZtMp8JR,Sit Next to Me,you broke me first,0.21
4BdGO1CaObRD4La9l5Zanz,78Sw5GDo6AlGwTwanjXbGh,Sit Next to Me,Here With Me,0.2
45bE4HXI0AwGZXfZtMp8JR,78Sw5GDo6AlGwTwanjXbGh,you broke me first,Here With Me,0.2
