36cmM3MBMWWCFIiQ90U4J8,6gpcs5eMhJwax4mIfKDYQk,Bounce (feat. Kelis) - Radio Edit,Slide (feat. Frank Ocean & Migos),0.22
36cmM3MBMWWCFIiQ90U4J8,463CkQjx2Zk1yXoBuierM9,Bounce (feat. Kelis) - Radio Edit,Levitating (feat. DaBaby),0.11
36cmM3MBMWWCFIiQ90U4J8,4a9tbd947vo9K8Vti9JwcI,Bounce (feat. Kelis) - Radio Edit,Boy With Luv (feat. Halsey),0.1
36cmM3MBMWWCFIiQ90U4J8,5JqZ3oqF00jkT81foAFvqg,Bounce (feat. Kelis) - Radio Edit,Prisoner (feat. Dua Lipa),0.07
6gpcs5eMhJwax4mIfKDYQk,463CkQjx2Zk1yXoBuierM9,Slide (feat. Frank Ocean & Migos),Levitating (feat. DaBaby),0.12
6gpcs5eMhJwax4mIfKDYQk,4a9tbd947vo9K8Vti9JwcI,Slide (feat. Frank Ocean & Migos),Boy With Luv (feat. Halsey),0.14
6gpcs5eMhJwax4mIfKDYQk,5JqZ3oqF00jkT81foAFvqg,Slide (feat. Frank Ocean & Migos),Prisoner (feat. Dua Lipa),0.1
463CkQjx2Zk1yXoBuierM9,4a9tbd947vo9K8Vti9JwcI,Levitating (feat. DaBaby),Boy With Luv (feat. Halsey),0.13
463CkQjx2Zk1yXoBuierM9,5JqZ3oqF00jkT81foAFvqg,Levitating (feat. DaBaby),Prisoner (feat. Dua Lipa),0.14
4a9tbd947vo9K8Vti9JwcI,5JqZ3oqF00jkT81foAFvqg,Boy With Luv (feat. Halsey),Prisoner (feat. Dua Lipa),0.12
