5Mmk2ii6laakqfeCT7OnVD,0O6u0VJ46W86TxN9wgyqDj,Thong Song,I Like You (A Happier Song) (with Doja Cat),0.1
3B7i9OKRRmIsSBHEbJz58Y,2q4rjDy9WhaN3o9MvDbO21,Grind With Me,Kiss Me Thru The Phone,0.16
3B7i9OKRRmIsSBHEbJz58Y,13plQdOoWSSXPRUSZc5FuM,Grind With Me,I Know You Want Me (Calle Ocho),0.11
3B7i9OKRRmIsSBHEbJz58Y,40YcuQysJ0KlGQTeGUosTC,Grind With Me,"Me, Myself & I",0.14
3B7i9OKRRmIsSBHEbJz58Y,77UjLW8j5UAGAGVGhR5oUK,Grind With Me,Pray For Me (with Kendrick Lamar),0.25
3B7i9OKRRmIsSBHEbJz58Y,5HCyWlXZPP0y6Gqq8TgA20,Grind With Me,STAY (with Justin Bieber),0.16
3B7i9OKRRmIsSBHEbJz58Y,0O6u0VJ46W86TxN9wgyqDj,Grind With Me,I Like You (A Happier Song) (with Doja Cat),0.09
3B7i9OKRRmIsSBHEbJz58Y,5PjdY0CKGZdEuoNab3yDmX,Grind With Me,STAY (with Justin Bieber),0.16
3B7i9OKRRmIsSBHEbJz58Y,4xhsWYTOGcal8zt0J161CU,Grind With Me,Lovin On Me,0.2
3B7i9OKRRmIsSBHEbJz58Y,4QNpBfC0zvjKqPJcyqBy9W,Grind With Me,Give Me Everything (feat. Nayer),0.11
66TRwr5uJwPt15mfFkzhbi,5jE48hhRu8E6zBDPRSkEq7,Crank That (Soulja Boy),All About That Bass,0.11
3wKKkGVn7cVSfgPeYYIiXG,6oUGAx0vkBcnGzYkvw0ZsA,Kiss Kiss (feat. T-Pain),Shortie Like Mine (feat. Chris Brown & Johntá Austin),0.05
3wKKkGVn7cVSfgPeYYIiXG,5j0McHPthKpOXRr3fBq8M0,Kiss Kiss (feat. T-Pain),Love in This Club (feat. Young Jeezy),0.05
3wKKkGVn7cVSfgPeYYIiXG,2q4rjDy9WhaN3o9MvDbO21,Kiss Kiss (feat. T-Pain),Kiss Me Thru The Phone,0.2
3wKKkGVn7cVSfgPeYYIiXG,59dLtGBS26x7kc0rHbaPrq,Kiss Kiss (feat. T-Pain),Nothin' on You (feat. Bruno Mars),0.14
3wKKkGVn7cVSfgPeYYIiXG,2M9ULmQwTaTGmAdXaXpfz5,Kiss Kiss (feat. T-Pain),Billionaire (feat. Bruno Mars),0.17
3wKKkGVn7cVSfgPeYYIiXG,6lV2MSQmRIkycDScNtrBXO,Kiss Kiss (feat. T-Pain),Airplanes (feat. Hayley Williams of Paramore),0.11
3wKKkGVn7cVSfgPeYYIiXG,1hBM2D1ULT3aeKuddSwPsK,Kiss Kiss (feat. T-Pain),STARSTRUKK (feat. Katy Perry),0.19
3wKKkGVn7cVSfgPeYYIiXG,5uHYcK0nbEYgRaFTY5BqnP,Kiss Kiss (feat. T-Pain),Magic (feat. Rivers Cuomo),0.16
3wKKkGVn7cVSfgPeYYIiXG,62zFEHfAYl5kdHYOivj4BC,Kiss Kiss (feat. T-Pain),International Love (feat. Chris Brown),0.13
3wKKkGVn7cVSfgPeYYIiXG,6s8nHXTJVqFjXE4yVZPDHR,Kiss Kiss (feat. T-Pain),Troublemaker (feat. Flo Rida),0.16
3wKKkGVn7cVSfgPeYYIiXG,6g6A7qNhTfUgOSH7ROOxTD,Kiss Kiss (feat. T-Pain),Talk Dirty (feat. 2 Chainz),0.09
3wKKkGVn7cVSfgPeYYIiXG,2JzZzZUQj3Qff7wapcbKjc,Kiss Kiss (feat. T-Pain),See You Again (feat. Charlie Puth),0.14
3wKKkGVn7cVSfgPeYYIiXG,6PGoSes0D9eUDeeAafB2As,Kiss Kiss (feat. T-Pain),LOVE. FEAT. ZACARI.,0.18
3wKKkGVn7cVSfgPeYYIiXG,0CokSRCu5hZgPxcZBaEzVE,Kiss Kiss (feat. T-Pain),Glorious (feat. Skylar Grey),0.16
3wKKkGVn7cVSfgPeYYIiXG,1cS0TgbR263ey9jn0MwD2s,Kiss Kiss (feat. T-Pain),River (feat. Ed Sheeran),0.17
3wKKkGVn7cVSfgPeYYIiXG,6dbSBQXCctYSVryynHXaZ4,Kiss Kiss (feat. T-Pain),Freaky Friday (feat. Chris Brown),0.11
3wKKkGVn7cVSfgPeYYIiXG,3tjFYV6RSFtuktYl3ZtYcq,Kiss Kiss (feat. T-Pain),Mood (feat. iann dior),0.17
3wKKkGVn7cVSfgPeYYIiXG,5Z9KJZvQzH6PFmb8SNkxuk,Kiss Kiss (feat. T-Pain),INDUSTRY BABY (feat. Jack Harlow),0.1
3wKKkGVn7cVSfgPeYYIiXG,4jPy3l0RUwlUI9T5XHBW2m,Kiss Kiss (feat. T-Pain),Mood (feat. iann dior),0.17
3wKKkGVn7cVSfgPeYYIiXG,27NovPIUIRrOZoCHxABJwK,Kiss Kiss (feat. T-Pain),INDUSTRY BABY (feat. Jack Harlow),0.1
3wKKkGVn7cVSfgPeYYIiXG,4QNpBfC0zvjKqPJcyqBy9W,Kiss Kiss (feat. T-Pain),Give Me Everything (feat. Nayer),0.14
6oUGAx0vkBcnGzYkvw0ZsA,5j0McHPthKpOXRr3fBq8M0,Shortie Like Mine (feat. Chris Brown & Johntá Austin),Love in This Club (feat. Young Jeezy),0.02
6oUGAx0vkBcnGzYkvw0ZsA,1IAzD1muglOxOcPbUHs70R,Shortie Like Mine (feat. Chris Brown & Johntá Austin),Whatever You Like,0.11
6oUGAx0vkBcnGzYkvw0ZsA,59dLtGBS26x7kc0rHbaPrq,Shortie Like Mine (feat. Chris Brown & Johntá Austin),Nothin' on You (feat. Bruno Mars),0.05
6oUGAx0vkBcnGzYkvw0ZsA,2M9ULmQwTaTGmAdXaXpfz5,Shortie Like Mine (feat. Chris Brown & Johntá Austin),Billionaire (feat. Bruno Mars),0.06
6oUGAx0vkBcnGzYkvw0ZsA,6lV2MSQmRIkycDScNtrBXO,Shortie Like Mine (feat. Chris Brown & Johntá Austin),Airplanes (feat. Hayley Williams of Paramore),0.06
6oUGAx0vkBcnGzYkvw0ZsA,1hBM2D1ULT3aeKuddSwPsK,Shortie Like Mine (feat. Chris Brown & Johntá Austin),STARSTRUKK (feat. Katy Perry),0.07
6oUGAx0vkBcnGzYkvw0ZsA,5uHYcK0nbEYgRaFTY5BqnP,Shortie Like Mine (feat. Chris Brown & Johntá Austin),Magic (feat. Rivers Cuomo),0.05
6oUGAx0vkBcnGzYkvw0ZsA,62zFEHfAYl5kdHYOivj4BC,Shortie Like Mine (feat. Chris Brown & Johntá Austin),International Love (feat. Chris Brown),0.25
6oUGAx0vkBcnGzYkvw0ZsA,6s8nHXTJVqFjXE4yVZPDHR,Shortie Like Mine (feat. Chris Brown & Johntá Austin),Troublemaker (feat. Flo Rida),0.04
6oUGAx0vkBcnGzYkvw0ZsA,6g6A7qNhTfUgOSH7ROOxTD,Shortie Like Mine (feat. Chris Brown & Johntá Austin),Talk Dirty (feat. 2 Chainz),0.03
6oUGAx0vkBcnGzYkvw0ZsA,2JzZzZUQj3Qff7wapcbKjc,Shortie Like Mine (feat. Chris Brown & Johntá Austin),See You Again (feat. Charlie Puth),0.04
6oUGAx0vkBcnGzYkvw0ZsA,40YcuQysJ0KlGQTeGUosTC,Shortie Like Mine (feat. Chris Brown & Johntá Austin),"Me, Myself & I",0.05
6oUGAx0vkBcnGzYkvw0ZsA,6PGoSes0D9eUDeeAafB2As,Shortie Like Mine (feat. Chris Brown & Johntá Austin),LOVE. FEAT. ZACARI.,0.07
6oUGAx0vkBcnGzYkvw0ZsA,0CokSRCu5hZgPxcZBaEzVE,Shortie Like Mine (feat. Chris Brown & Johntá Austin),Glorious (feat. Skylar Grey),0.05
6oUGAx0vkBcnGzYkvw0ZsA,1cS0TgbR263ey9jn0MwD2s,Shortie Like Mine (feat. Chris Brown & Johntá Austin),River (feat. Ed Sheeran),0.06
6oUGAx0vkBcnGzYkvw0ZsA,6dbSBQXCctYSVryynHXaZ4,Shortie Like Mine (feat. Chris Brown & Johntá Austin),Freaky Friday (feat. Chris Brown),0.19
6oUGAx0vkBcnGzYkvw0ZsA,3tjFYV6RSFtuktYl3ZtYcq,Shortie Like Mine (feat. Chris Brown & Johntá Austin),Mood (feat. iann dior),0.05
6oUGAx0vkBcnGzYkvw0ZsA,5Z9KJZvQzH6PFmb8SNkxuk,Shortie Like Mine (feat. Chris Brown & Johntá Austin),INDUSTRY BABY (feat. Jack Harlow),0.03
6oUGAx0vkBcnGzYkvw0ZsA,4jPy3l0RUwlUI9T5XHBW2m,Shortie Like Mine (feat. Chris Brown & Johntá Austin),Mood (feat. iann dior),0.05
6oUGAx0vkBcnGzYkvw0ZsA,27NovPIUIRrOZoCHxABJwK,Shortie Like Mine (feat. Chris Brown & Johntá Austin),INDUSTRY BABY (feat. Jack Harlow),0.03
6oUGAx0vkBcnGzYkvw0ZsA,0O6u0VJ46W86TxN9wgyqDj,Shortie Like Mine (feat. Chris Brown & Johntá Austin),I Like You (A Happier Song) (with Doja Cat),0.07
6oUGAx0vkBcnGzYkvw0ZsA,4QNpBfC0zvjKqPJcyqBy9W,Shortie Like Mine (feat. Chris Brown & Johntá Austin),Give Me Everything (feat. Nayer),0.06
5j0McHPthKpOXRr3fBq8M0,1akgiRM3mN2nxu2AX6ACCW,Love in This Club (feat. Young Jeezy),I Love College,0.11
5j0McHPthKpOXRr3fBq8M0,15JINEqzVMv3SvJTAXAKED,Love in This Club (feat. Young Jeezy),Love The Way You Lie,0.14
5j0McHPthKpOXRr3fBq8M0,59dLtGBS26x7kc0rHbaPrq,Love in This Club (feat. Young Jeezy),Nothin' on You (feat. Bruno Mars),0.08
5j0McHPthKpOXRr3fBq8M0,2M9ULmQwTaTGmAdXaXpfz5,Love in This Club (feat. Young Jeezy),Billionaire (feat. Bruno Mars),0.08
5j0McHPthKpOXRr3fBq8M0,6lV2MSQmRIkycDScNtrBXO,Love in This Club (feat. Young Jeezy),Airplanes (feat. Hayley Williams of Paramore),0.06
5j0McHPthKpOXRr3fBq8M0,1hBM2D1ULT3aeKuddSwPsK,Love in This Club (feat. Young Jeezy),STARSTRUKK (feat. Katy Perry),0.07
5j0McHPthKpOXRr3fBq8M0,5uHYcK0nbEYgRaFTY5BqnP,Love in This Club (feat. Young Jeezy),Magic (feat. Rivers Cuomo),0.05
5j0McHPthKpOXRr3fBq8M0,62zFEHfAYl5kdHYOivj4BC,Love in This Club (feat. Young Jeezy),International Love (feat. Chris Brown),0.13
5j0McHPthKpOXRr3fBq8M0,6s8nHXTJVqFjXE4yVZPDHR,Love in This Club (feat. Young Jeezy),Troublemaker (feat. Flo Rida),0.08
5j0McHPthKpOXRr3fBq8M0,6g6A7qNhTfUgOSH7ROOxTD,Love in This Club (feat. Young Jeezy),Talk Dirty (feat. 2 Chainz),0.05
5j0McHPthKpOXRr3fBq8M0,2JzZzZUQj3Qff7wapcbKjc,Love in This Club (feat. Young Jeezy),See You Again (feat. Charlie Puth),0.08
5j0McHPthKpOXRr3fBq8M0,6PGoSes0D9eUDeeAafB2As,Love in This Club (feat. Young Jeezy),LOVE. FEAT. ZACARI.,0.19
5j0McHPthKpOXRr3fBq8M0,0CokSRCu5hZgPxcZBaEzVE,Love in This Club (feat. Young Jeezy),Glorious (feat. Skylar Grey),0.07
5j0McHPthKpOXRr3fBq8M0,1cS0TgbR263ey9jn0MwD2s,Love in This Club (feat. Young Jeezy),River (feat. Ed Sheeran),0.06
5j0McHPthKpOXRr3fBq8M0,6dbSBQXCctYSVryynHXaZ4,Love in This Club (feat. Young Jeezy),Freaky Friday (feat. Chris Brown),0.05
5j0McHPthKpOXRr3fBq8M0,3tjFYV6RSFtuktYl3ZtYcq,Love in This Club (feat. Young Jeezy),Mood (feat. iann dior),0.09
5j0McHPthKpOXRr3fBq8M0,5Z9KJZvQzH6PFmb8SNkxuk,Love in This Club (feat. Young Jeezy),INDUSTRY BABY (feat. Jack Harlow),0.06
5j0McHPthKpOXRr3fBq8M0,4jPy3l0RUwlUI9T5XHBW2m,Love in This Club (feat. Young Jeezy),Mood (feat. iann dior),0.09
5j0McHPthKpOXRr3fBq8M0,27NovPIUIRrOZoCHxABJwK,Love in This Club (feat. Young Jeezy),INDUSTRY BABY (feat. Jack Harlow),0.06
5j0McHPthKpOXRr3fBq8M0,4QNpBfC0zvjKqPJcyqBy9W,Love in This Club (feat. Young Jeezy),Give Me Everything (feat. Nayer),0.05
1IAzD1muglOxOcPbUHs70R,13plQdOoWSSXPRUSZc5FuM,Whatever You Like,I Know You Want Me (Calle Ocho),0.09
1IAzD1muglOxOcPbUHs70R,15JINEqzVMv3SvJTAXAKED,Whatever You Like,Love The Way You Lie,0.16
1IAzD1muglOxOcPbUHs70R,59dLtGBS26x7kc0rHbaPrq,Whatever You Like,Nothin' on You (feat. Bruno Mars),0.14
1IAzD1muglOxOcPbUHs70R,2JzZzZUQj3Qff7wapcbKjc,Whatever You Like,See You Again (feat. Charlie Puth),0.16
1IAzD1muglOxOcPbUHs70R,52okn5MNA47tk87PeZJLEL,Whatever You Like,Let You Down,0.25
1IAzD1muglOxOcPbUHs70R,0O6u0VJ46W86TxN9wgyqDj,Whatever You Like,I Like You (A Happier Song) (with Doja Cat),0.24
2igwFfvr1OAGX9SKDCPBwO,6lV2MSQmRIkycDScNtrBXO,Empire State Of Mind,Airplanes (feat. Hayley Williams of Paramore),0.1
2igwFfvr1OAGX9SKDCPBwO,2bJvI42r8EF3wxjOuDav4r,Empire State Of Mind,Time of Our Lives,0.14
3QLjDkgLh9AOEHlhQtDuhs,13plQdOoWSSXPRUSZc5FuM,Best I Ever Had,I Know You Want Me (Calle Ocho),0.13
3QLjDkgLh9AOEHlhQtDuhs,1akgiRM3mN2nxu2AX6ACCW,Best I Ever Had,I Love College,0.18
3QLjDkgLh9AOEHlhQtDuhs,40YcuQysJ0KlGQTeGUosTC,Best I Ever Had,"Me, Myself & I",0.16
3QLjDkgLh9AOEHlhQtDuhs,54bFM56PmE4YLRnqpW6Tha,Best I Ever Had,Therefore I Am,0.2
3QLjDkgLh9AOEHlhQtDuhs,0O6u0VJ46W86TxN9wgyqDj,Best I Ever Had,I Like You (A Happier Song) (with Doja Cat),0.06
2q4rjDy9WhaN3o9MvDbO21,13plQdOoWSSXPRUSZc5FuM,Kiss Me Thru The Phone,I Know You Want Me (Calle Ocho),0.09
2q4rjDy9WhaN3o9MvDbO21,15JINEqzVMv3SvJTAXAKED,Kiss Me Thru The Phone,Love The Way You Lie,0.06
2q4rjDy9WhaN3o9MvDbO21,4NTWZqvfQTlOMitlVn6tew,Kiss Me Thru The Phone,The Show Goes On,0.07
2q4rjDy9WhaN3o9MvDbO21,48RrDBpOSSl1aLVCalGl5C,Kiss Me Thru The Phone,The Monster,0.12
2q4rjDy9WhaN3o9MvDbO21,40YcuQysJ0KlGQTeGUosTC,Kiss Me Thru The Phone,"Me, Myself & I",0.12
2q4rjDy9WhaN3o9MvDbO21,77UjLW8j5UAGAGVGhR5oUK,Kiss Me Thru The Phone,Pray For Me (with Kendrick Lamar),0.1
2q4rjDy9WhaN3o9MvDbO21,4xhsWYTOGcal8zt0J161CU,Kiss Me Thru The Phone,Lovin On Me,0.16
2q4rjDy9WhaN3o9MvDbO21,4QNpBfC0zvjKqPJcyqBy9W,Kiss Me Thru The Phone,Give Me Everything (feat. Nayer),0.11
13plQdOoWSSXPRUSZc5FuM,1akgiRM3mN2nxu2AX6ACCW,I Know You Want Me (Calle Ocho),I Love College,0.15
13plQdOoWSSXPRUSZc5FuM,15JINEqzVMv3SvJTAXAKED,I Know You Want Me (Calle Ocho),Love The Way You Lie,0.1
13plQdOoWSSXPRUSZc5FuM,59dLtGBS26x7kc0rHbaPrq,I Know You Want Me (Calle Ocho),Nothin' on You (feat. Bruno Mars),0.08
13plQdOoWSSXPRUSZc5FuM,2JzZzZUQj3Qff7wapcbKjc,I Know You Want Me (Calle Ocho),See You Again (feat. Charlie Puth),0.08
13plQdOoWSSXPRUSZc5FuM,40YcuQysJ0KlGQTeGUosTC,I Know You Want Me (Calle Ocho),"Me, Myself & I",0.27
13plQdOoWSSXPRUSZc5FuM,52okn5MNA47tk87PeZJLEL,I Know You Want Me (Calle Ocho),Let You Down,0.09
13plQdOoWSSXPRUSZc5FuM,77UjLW8j5UAGAGVGhR5oUK,I Know You Want Me (Calle Ocho),Pray For Me (with Kendrick Lamar),0.09
13plQdOoWSSXPRUSZc5FuM,54bFM56PmE4YLRnqpW6Tha,I Know You Want Me (Calle Ocho),Therefore I Am,0.12
13plQdOoWSSXPRUSZc5FuM,0O6u0VJ46W86TxN9wgyqDj,I Know You Want Me (Calle Ocho),I Like You (A Happier Song) (with Doja Cat),0.15
13plQdOoWSSXPRUSZc5FuM,4xhsWYTOGcal8zt0J161CU,I Know You Want Me (Calle Ocho),Lovin On Me,0.11
13plQdOoWSSXPRUSZc5FuM,4QNpBfC0zvjKqPJcyqBy9W,I Know You Want Me (Calle Ocho),Give Me Everything (feat. Nayer),0.07
1akgiRM3mN2nxu2AX6ACCW,15JINEqzVMv3SvJTAXAKED,I Love College,Love The Way You Lie,0.17
1akgiRM3mN2nxu2AX6ACCW,62zFEHfAYl5kdHYOivj4BC,I Love College,International Love (feat. Chris Brown),0.12
1akgiRM3mN2nxu2AX6ACCW,40YcuQysJ0KlGQTeGUosTC,I Love College,"Me, Myself & I",0.18
1akgiRM3mN2nxu2AX6ACCW,6PGoSes0D9eUDeeAafB2As,I Love College,LOVE. FEAT. ZACARI.,0.19
1akgiRM3mN2nxu2AX6ACCW,54bFM56PmE4YLRnqpW6Tha,I Love College,Therefore I Am,0.19
1akgiRM3mN2nxu2AX6ACCW,0O6u0VJ46W86TxN9wgyqDj,I Love College,I Like You (A Happier Song) (with Doja Cat),0.09
15JINEqzVMv3SvJTAXAKED,59dLtGBS26x7kc0rHbaPrq,Love The Way You Lie,Nothin' on You (feat. Bruno Mars),0.12
15JINEqzVMv3SvJTAXAKED,4NTWZqvfQTlOMitlVn6tew,Love The Way You Lie,The Show Goes On,0.08
15JINEqzVMv3SvJTAXAKED,62zFEHfAYl5kdHYOivj4BC,Love The Way You Lie,International Love (feat. Chris Brown),0.11
15JINEqzVMv3SvJTAXAKED,48RrDBpOSSl1aLVCalGl5C,Love The Way You Lie,The Monster,0.15
15JINEqzVMv3SvJTAXAKED,2JzZzZUQj3Qff7wapcbKjc,Love The Way You Lie,See You Again (feat. Charlie Puth),0.11
15JINEqzVMv3SvJTAXAKED,6PGoSes0D9eUDeeAafB2As,Love The Way You Lie,LOVE. FEAT. ZACARI.,0.16
15JINEqzVMv3SvJTAXAKED,52okn5MNA47tk87PeZJLEL,Love The Way You Lie,Let You Down,0.17
15JINEqzVMv3SvJTAXAKED,0O6u0VJ46W86TxN9wgyqDj,Love The Way You Lie,I Like You (A Happier Song) (with Doja Cat),0.09
59dLtGBS26x7kc0rHbaPrq,2M9ULmQwTaTGmAdXaXpfz5,Nothin' on You (feat. Bruno Mars),Billionaire (feat. Bruno Mars),0.46
59dLtGBS26x7kc0rHbaPrq,6lV2MSQmRIkycDScNtrBXO,Nothin' on You (feat. Bruno Mars),Airplanes (feat. Hayley Williams of Paramore),0.1
59dLtGBS26x7kc0rHbaPrq,1hBM2D1ULT3aeKuddSwPsK,Nothin' on You (feat. Bruno Mars),STARSTRUKK (feat. Katy Perry),0.16
59dLtGBS26x7kc0rHbaPrq,5uHYcK0nbEYgRaFTY5BqnP,Nothin' on You (feat. Bruno Mars),Magic (feat. Rivers Cuomo),0.11
59dLtGBS26x7kc0rHbaPrq,608a1wIsSd5KzMEqm1O7w3,Nothin' on You (feat. Bruno Mars),I'm On One,0.13
59dLtGBS26x7kc0rHbaPrq,4NTWZqvfQTlOMitlVn6tew,Nothin' on You (feat. Bruno Mars),The Show Goes On,0.1
59dLtGBS26x7kc0rHbaPrq,62zFEHfAYl5kdHYOivj4BC,Nothin' on You (feat. Bruno Mars),International Love (feat. Chris Brown),0.1
59dLtGBS26x7kc0rHbaPrq,6s8nHXTJVqFjXE4yVZPDHR,Nothin' on You (feat. Bruno Mars),Troublemaker (feat. Flo Rida),0.11
59dLtGBS26x7kc0rHbaPrq,6g6A7qNhTfUgOSH7ROOxTD,Nothin' on You (feat. Bruno Mars),Talk Dirty (feat. 2 Chainz),0.09
59dLtGBS26x7kc0rHbaPrq,2JzZzZUQj3Qff7wapcbKjc,Nothin' on You (feat. Bruno Mars),See You Again (feat. Charlie Puth),0.26
59dLtGBS26x7kc0rHbaPrq,6PGoSes0D9eUDeeAafB2As,Nothin' on You (feat. Bruno Mars),LOVE. FEAT. ZACARI.,0.15
59dLtGBS26x7kc0rHbaPrq,0CokSRCu5hZgPxcZBaEzVE,Nothin' on You (feat. Bruno Mars),Glorious (feat. Skylar Grey),0.16
59dLtGBS26x7kc0rHbaPrq,52okn5MNA47tk87PeZJLEL,Nothin' on You (feat. Bruno Mars),Let You Down,0.14
59dLtGBS26x7kc0rHbaPrq,1cS0TgbR263ey9jn0MwD2s,Nothin' on You (feat. Bruno Mars),River (feat. Ed Sheeran),0.14
59dLtGBS26x7kc0rHbaPrq,6dbSBQXCctYSVryynHXaZ4,Nothin' on You (feat. Bruno Mars),Freaky Friday (feat. Chris Brown),0.1
59dLtGBS26x7kc0rHbaPrq,3tjFYV6RSFtuktYl3ZtYcq,Nothin' on You (feat. Bruno Mars),Mood (feat. iann dior),0.15
59dLtGBS26x7kc0rHbaPrq,5Z9KJZvQzH6PFmb8SNkxuk,Nothin' on You (feat. Bruno Mars),INDUSTRY BABY (feat. Jack Harlow),0.11
59dLtGBS26x7kc0rHbaPrq,4jPy3l0RUwlUI9T5XHBW2m,Nothin' on You (feat. Bruno Mars),Mood (feat. iann dior),0.15
59dLtGBS26x7kc0rHbaPrq,0eu4C55hL6x29mmeAjytzC,Nothin' on You (feat. Bruno Mars),Life Goes On,0.13
59dLtGBS26x7kc0rHbaPrq,27NovPIUIRrOZoCHxABJwK,Nothin' on You (feat. Bruno Mars),INDUSTRY BABY (feat. Jack Harlow),0.11
59dLtGBS26x7kc0rHbaPrq,0O6u0VJ46W86TxN9wgyqDj,Nothin' on You (feat. Bruno Mars),I Like You (A Happier Song) (with Doja Cat),0.08
59dLtGBS26x7kc0rHbaPrq,4xhsWYTOGcal8zt0J161CU,Nothin' on You (feat. Bruno Mars),Lovin On Me,0.12
59dLtGBS26x7kc0rHbaPrq,4QNpBfC0zvjKqPJcyqBy9W,Nothin' on You (feat. Bruno Mars),Give Me Everything (feat. Nayer),0.11
3ZdJffjzJWFimSQyxgGIxN,0O6u0VJ46W86TxN9wgyqDj,Just A Dream,I Like You (A Happier Song) (with Doja Cat),0.11
2M9ULmQwTaTGmAdXaXpfz5,6lV2MSQmRIkycDScNtrBXO,Billionaire (feat. Bruno Mars),Airplanes (feat. Hayley Williams of Paramore),0.13
2M9ULmQwTaTGmAdXaXpfz5,1hBM2D1ULT3aeKuddSwPsK,Billionaire (feat. Bruno Mars),STARSTRUKK (feat. Katy Perry),0.17
2M9ULmQwTaTGmAdXaXpfz5,5uHYcK0nbEYgRaFTY5BqnP,Billionaire (feat. Bruno Mars),Magic (feat. Rivers Cuomo),0.16
2M9ULmQwTaTGmAdXaXpfz5,62zFEHfAYl5kdHYOivj4BC,Billionaire (feat. Bruno Mars),International Love (feat. Chris Brown),0.14
2M9ULmQwTaTGmAdXaXpfz5,6s8nHXTJVqFjXE4yVZPDHR,Billionaire (feat. Bruno Mars),Troublemaker (feat. Flo Rida),0.15
2M9ULmQwTaTGmAdXaXpfz5,6g6A7qNhTfUgOSH7ROOxTD,Billionaire (feat. Bruno Mars),Talk Dirty (feat. 2 Chainz),0.11
2M9ULmQwTaTGmAdXaXpfz5,2JzZzZUQj3Qff7wapcbKjc,Billionaire (feat. Bruno Mars),See You Again (feat. Charlie Puth),0.17
2M9ULmQwTaTGmAdXaXpfz5,6PGoSes0D9eUDeeAafB2As,Billionaire (feat. Bruno Mars),LOVE. FEAT. ZACARI.,0.21
2M9ULmQwTaTGmAdXaXpfz5,0CokSRCu5hZgPxcZBaEzVE,Billionaire (feat. Bruno Mars),Glorious (feat. Skylar Grey),0.17
2M9ULmQwTaTGmAdXaXpfz5,1cS0TgbR263ey9jn0MwD2s,Billionaire (feat. Bruno Mars),River (feat. Ed Sheeran),0.18
2M9ULmQwTaTGmAdXaXpfz5,6dbSBQXCctYSVryynHXaZ4,Billionaire (feat. Bruno Mars),Freaky Friday (feat. Chris Brown),0.12
2M9ULmQwTaTGmAdXaXpfz5,3tjFYV6RSFtuktYl3ZtYcq,Billionaire (feat. Bruno Mars),Mood (feat. iann dior),0.18
2M9ULmQwTaTGmAdXaXpfz5,5Z9KJZvQzH6PFmb8SNkxuk,Billionaire (feat. Bruno Mars),INDUSTRY BABY (feat. Jack Harlow),0.13
2M9ULmQwTaTGmAdXaXpfz5,4jPy3l0RUwlUI9T5XHBW2m,Billionaire (feat. Bruno Mars),Mood (feat. iann dior),0.18
2M9ULmQwTaTGmAdXaXpfz5,27NovPIUIRrOZoCHxABJwK,Billionaire (feat. Bruno Mars),INDUSTRY BABY (feat. Jack Harlow),0.13
2M9ULmQwTaTGmAdXaXpfz5,4QNpBfC0zvjKqPJcyqBy9W,Billionaire (feat. Bruno Mars),Give Me Everything (feat. Nayer),0.14
6lV2MSQmRIkycDScNtrBXO,1hBM2D1ULT3aeKuddSwPsK,Airplanes (feat. Hayley Williams of Paramore),STARSTRUKK (feat. Katy Perry),0.14
6lV2MSQmRIkycDScNtrBXO,5uHYcK0nbEYgRaFTY5BqnP,Airplanes (feat. Hayley Williams of Paramore),Magic (feat. Rivers Cuomo),0.12
6lV2MSQmRIkycDScNtrBXO,62zFEHfAYl5kdHYOivj4BC,Airplanes (feat. Hayley Williams of Paramore),International Love (feat. Chris Brown),0.1
6lV2MSQmRIkycDScNtrBXO,6s8nHXTJVqFjXE4yVZPDHR,Airplanes (feat. Hayley Williams of Paramore),Troublemaker (feat. Flo Rida),0.11
6lV2MSQmRIkycDScNtrBXO,6g6A7qNhTfUgOSH7ROOxTD,Airplanes (feat. Hayley Williams of Paramore),Talk Dirty (feat. 2 Chainz),0.07
6lV2MSQmRIkycDScNtrBXO,2JzZzZUQj3Qff7wapcbKjc,Airplanes (feat. Hayley Williams of Paramore),See You Again (feat. Charlie Puth),0.09
6lV2MSQmRIkycDScNtrBXO,2bJvI42r8EF3wxjOuDav4r,Airplanes (feat. Hayley Williams of Paramore),Time of Our Lives,0.14
6lV2MSQmRIkycDScNtrBXO,6PGoSes0D9eUDeeAafB2As,Airplanes (feat. Hayley Williams of Paramore),LOVE. FEAT. ZACARI.,0.13
6lV2MSQmRIkycDScNtrBXO,0CokSRCu5hZgPxcZBaEzVE,Airplanes (feat. Hayley Williams of Paramore),Glorious (feat. Skylar Grey),0.08
6lV2MSQmRIkycDScNtrBXO,1cS0TgbR263ey9jn0MwD2s,Airplanes (feat. Hayley Williams of Paramore),River (feat. Ed Sheeran),0.14
6lV2MSQmRIkycDScNtrBXO,6dbSBQXCctYSVryynHXaZ4,Airplanes (feat. Hayley Williams of Paramore),Freaky Friday (feat. Chris Brown),0.08
6lV2MSQmRIkycDScNtrBXO,3tjFYV6RSFtuktYl3ZtYcq,Airplanes (feat. Hayley Williams of Paramore),Mood (feat. iann dior),0.12
6lV2MSQmRIkycDScNtrBXO,5Z9KJZvQzH6PFmb8SNkxuk,Airplanes (feat. Hayley Williams of Paramore),INDUSTRY BABY (feat. Jack Harlow),0.09
6lV2MSQmRIkycDScNtrBXO,4jPy3l0RUwlUI9T5XHBW2m,Airplanes (feat. Hayley Williams of Paramore),Mood (feat. iann dior),0.12
6lV2MSQmRIkycDScNtrBXO,27NovPIUIRrOZoCHxABJwK,Airplanes (feat. Hayley Williams of Paramore),INDUSTRY BABY (feat. Jack Harlow),0.09
6lV2MSQmRIkycDScNtrBXO,4QNpBfC0zvjKqPJcyqBy9W,Airplanes (feat. Hayley Williams of Paramore),Give Me Everything (feat. Nayer),0.09
1hBM2D1ULT3aeKuddSwPsK,5uHYcK0nbEYgRaFTY5BqnP,STARSTRUKK (feat. Katy Perry),Magic (feat. Rivers Cuomo),0.13
1hBM2D1ULT3aeKuddSwPsK,62zFEHfAYl5kdHYOivj4BC,STARSTRUKK (feat. Katy Perry),International Love (feat. Chris Brown),0.12
1hBM2D1ULT3aeKuddSwPsK,6s8nHXTJVqFjXE4yVZPDHR,STARSTRUKK (feat. Katy Perry),Troublemaker (feat. Flo Rida),0.16
1hBM2D1ULT3aeKuddSwPsK,6g6A7qNhTfUgOSH7ROOxTD,STARSTRUKK (feat. Katy Perry),Talk Dirty (feat. 2 Chainz),0.1
1hBM2D1ULT3aeKuddSwPsK,2JzZzZUQj3Qff7wapcbKjc,STARSTRUKK (feat. Katy Perry),See You Again (feat. Charlie Puth),0.13
1hBM2D1ULT3aeKuddSwPsK,6PGoSes0D9eUDeeAafB2As,STARSTRUKK (feat. Katy Perry),LOVE. FEAT. ZACARI.,0.2
1hBM2D1ULT3aeKuddSwPsK,0CokSRCu5hZgPxcZBaEzVE,STARSTRUKK (feat. Katy Perry),Glorious (feat. Skylar Grey),0.16
1hBM2D1ULT3aeKuddSwPsK,1cS0TgbR263ey9jn0MwD2s,STARSTRUKK (feat. Katy Perry),River (feat. Ed Sheeran),0.17
1hBM2D1ULT3aeKuddSwPsK,6dbSBQXCctYSVryynHXaZ4,STARSTRUKK (feat. Katy Perry),Freaky Friday (feat. Chris Brown),0.15
1hBM2D1ULT3aeKuddSwPsK,3tjFYV6RSFtuktYl3ZtYcq,STARSTRUKK (feat. Katy Perry),Mood (feat. iann dior),0.17
1hBM2D1ULT3aeKuddSwPsK,5Z9KJZvQzH6PFmb8SNkxuk,STARSTRUKK (feat. Katy Perry),INDUSTRY BABY (feat. Jack Harlow),0.13
1hBM2D1ULT3aeKuddSwPsK,4jPy3l0RUwlUI9T5XHBW2m,STARSTRUKK (feat. Katy Perry),Mood (feat. iann dior),0.17
1hBM2D1ULT3aeKuddSwPsK,27NovPIUIRrOZoCHxABJwK,STARSTRUKK (feat. Katy Perry),INDUSTRY BABY (feat. Jack Harlow),0.13
1hBM2D1ULT3aeKuddSwPsK,4QNpBfC0zvjKqPJcyqBy9W,STARSTRUKK (feat. Katy Perry),Give Me Everything (feat. Nayer),0.15
5uHYcK0nbEYgRaFTY5BqnP,62zFEHfAYl5kdHYOivj4BC,Magic (feat. Rivers Cuomo),International Love (feat. Chris Brown),0.11
5uHYcK0nbEYgRaFTY5BqnP,6s8nHXTJVqFjXE4yVZPDHR,Magic (feat. Rivers Cuomo),Troublemaker (feat. Flo Rida),0.14
5uHYcK0nbEYgRaFTY5BqnP,6g6A7qNhTfUgOSH7ROOxTD,Magic (feat. Rivers Cuomo),Talk Dirty (feat. 2 Chainz),0.08
5uHYcK0nbEYgRaFTY5BqnP,2JzZzZUQj3Qff7wapcbKjc,Magic (feat. Rivers Cuomo),See You Again (feat. Charlie Puth),0.13
5uHYcK0nbEYgRaFTY5BqnP,6PGoSes0D9eUDeeAafB2As,Magic (feat. Rivers Cuomo),LOVE. FEAT. ZACARI.,0.14
5uHYcK0nbEYgRaFTY5BqnP,0CokSRCu5hZgPxcZBaEzVE,Magic (feat. Rivers Cuomo),Glorious (feat. Skylar Grey),0.13
5uHYcK0nbEYgRaFTY5BqnP,1cS0TgbR263ey9jn0MwD2s,Magic (feat. Rivers Cuomo),River (feat. Ed Sheeran),0.16
5uHYcK0nbEYgRaFTY5BqnP,6dbSBQXCctYSVryynHXaZ4,Magic (feat. Rivers Cuomo),Freaky Friday (feat. Chris Brown),0.1
5uHYcK0nbEYgRaFTY5BqnP,3tjFYV6RSFtuktYl3ZtYcq,Magic (feat. Rivers Cuomo),Mood (feat. iann dior),0.15
5uHYcK0nbEYgRaFTY5BqnP,5Z9KJZvQzH6PFmb8SNkxuk,Magic (feat. Rivers Cuomo),INDUSTRY BABY (feat. Jack Harlow),0.09
5uHYcK0nbEYgRaFTY5BqnP,4jPy3l0RUwlUI9T5XHBW2m,Magic (feat. Rivers Cuomo),Mood (feat. iann dior),0.15
5uHYcK0nbEYgRaFTY5BqnP,27NovPIUIRrOZoCHxABJwK,Magic (feat. Rivers Cuomo),INDUSTRY BABY (feat. Jack Harlow),0.09
5uHYcK0nbEYgRaFTY5BqnP,4QNpBfC0zvjKqPJcyqBy9W,Magic (feat. Rivers Cuomo),Give Me Everything (feat. Nayer),0.13
3hlksXnvbKogFdPbpO9vel,5jE48hhRu8E6zBDPRSkEq7,Super Bass,All About That Bass,0.16
3hlksXnvbKogFdPbpO9vel,4C6Uex2ILwJi9sZXRdmqXp,Super Bass,Super Freaky Girl,0.29
608a1wIsSd5KzMEqm1O7w3,4NTWZqvfQTlOMitlVn6tew,I'm On One,The Show Goes On,0.2
608a1wIsSd5KzMEqm1O7w3,0eu4C55hL6x29mmeAjytzC,I'm On One,Life Goes On,0.23
608a1wIsSd5KzMEqm1O7w3,4xhsWYTOGcal8zt0J161CU,I'm On One,Lovin On Me,0.18
4NTWZqvfQTlOMitlVn6tew,48RrDBpOSSl1aLVCalGl5C,The Show Goes On,The Monster,0.15
4NTWZqvfQTlOMitlVn6tew,0eu4C55hL6x29mmeAjytzC,The Show Goes On,Life Goes On,0.39
4NTWZqvfQTlOMitlVn6tew,4xhsWYTOGcal8zt0J161CU,The Show Goes On,Lovin On Me,0.16
62zFEHfAYl5kdHYOivj4BC,6s8nHXTJVqFjXE4yVZPDHR,International Love (feat. Chris Brown),Troublemaker (feat. Flo Rida),0.12
62zFEHfAYl5kdHYOivj4BC,6g6A7qNhTfUgOSH7ROOxTD,International Love (feat. Chris Brown),Talk Dirty (feat. 2 Chainz),0.08
62zFEHfAYl5kdHYOivj4BC,2JzZzZUQj3Qff7wapcbKjc,International Love (feat. Chris Brown),See You Again (feat. Charlie Puth),0.08
62zFEHfAYl5kdHYOivj4BC,6PGoSes0D9eUDeeAafB2As,International Love (feat. Chris Brown),LOVE. FEAT. ZACARI.,0.32
62zFEHfAYl5kdHYOivj4BC,0CokSRCu5hZgPxcZBaEzVE,International Love (feat. Chris Brown),Glorious (feat. Skylar Grey),0.11
62zFEHfAYl5kdHYOivj4BC,1cS0TgbR263ey9jn0MwD2s,International Love (feat. Chris Brown),River (feat. Ed Sheeran),0.14
62zFEHfAYl5kdHYOivj4BC,6dbSBQXCctYSVryynHXaZ4,International Love (feat. Chris Brown),Freaky Friday (feat. Chris Brown),0.39
62zFEHfAYl5kdHYOivj4BC,3tjFYV6RSFtuktYl3ZtYcq,International Love (feat. Chris Brown),Mood (feat. iann dior),0.12
62zFEHfAYl5kdHYOivj4BC,5Z9KJZvQzH6PFmb8SNkxuk,International Love (feat. Chris Brown),INDUSTRY BABY (feat. Jack Harlow),0.09
62zFEHfAYl5kdHYOivj4BC,4jPy3l0RUwlUI9T5XHBW2m,International Love (feat. Chris Brown),Mood (feat. iann dior),0.12
62zFEHfAYl5kdHYOivj4BC,27NovPIUIRrOZoCHxABJwK,International Love (feat. Chris Brown),INDUSTRY BABY (feat. Jack Harlow),0.09
62zFEHfAYl5kdHYOivj4BC,4QNpBfC0zvjKqPJcyqBy9W,International Love (feat. Chris Brown),Give Me Everything (feat. Nayer),0.11
6s8nHXTJVqFjXE4yVZPDHR,6g6A7qNhTfUgOSH7ROOxTD,Troublemaker (feat. Flo Rida),Talk Dirty (feat. 2 Chainz),0.1
6s8nHXTJVqFjXE4yVZPDHR,2JzZzZUQj3Qff7wapcbKjc,Troublemaker (feat. Flo Rida),See You Again (feat. Charlie Puth),0.15
6s8nHXTJVqFjXE4yVZPDHR,6PGoSes0D9eUDeeAafB2As,Troublemaker (feat. Flo Rida),LOVE. FEAT. ZACARI.,0.2
6s8nHXTJVqFjXE4yVZPDHR,0CokSRCu5hZgPxcZBaEzVE,Troublemaker (feat. Flo Rida),Glorious (feat. Skylar Grey),0.11
6s8nHXTJVqFjXE4yVZPDHR,1cS0TgbR263ey9jn0MwD2s,Troublemaker (feat. Flo Rida),River (feat. Ed Sheeran),0.17
6s8nHXTJVqFjXE4yVZPDHR,6dbSBQXCctYSVryynHXaZ4,Troublemaker (feat. Flo Rida),Freaky Friday (feat. Chris Brown),0.14
6s8nHXTJVqFjXE4yVZPDHR,3tjFYV6RSFtuktYl3ZtYcq,Troublemaker (feat. Flo Rida),Mood (feat. iann dior),0.21
6s8nHXTJVqFjXE4yVZPDHR,5Z9KJZvQzH6PFmb8SNkxuk,Troublemaker (feat. Flo Rida),INDUSTRY BABY (feat. Jack Harlow),0.16
6s8nHXTJVqFjXE4yVZPDHR,4jPy3l0RUwlUI9T5XHBW2m,Troublemaker (feat. Flo Rida),Mood (feat. iann dior),0.21
6s8nHXTJVqFjXE4yVZPDHR,27NovPIUIRrOZoCHxABJwK,Troublemaker (feat. Flo Rida),INDUSTRY BABY (feat. Jack Harlow),0.16
6s8nHXTJVqFjXE4yVZPDHR,4QNpBfC0zvjKqPJcyqBy9W,Troublemaker (feat. Flo Rida),Give Me Everything (feat. Nayer),0.16
6g6A7qNhTfUgOSH7ROOxTD,2JzZzZUQj3Qff7wapcbKjc,Talk Dirty (feat. 2 Chainz),See You Again (feat. Charlie Puth),0.09
6g6A7qNhTfUgOSH7ROOxTD,0wdKiSBUT7aZkXUIdJWcwC,Talk Dirty (feat. 2 Chainz),2 Phones,0.23
6g6A7qNhTfUgOSH7ROOxTD,6PGoSes0D9eUDeeAafB2As,Talk Dirty (feat. 2 Chainz),LOVE. FEAT. ZACARI.,0.13
6g6A7qNhTfUgOSH7ROOxTD,0CokSRCu5hZgPxcZBaEzVE,Talk Dirty (feat. 2 Chainz),Glorious (feat. Skylar Grey),0.08
6g6A7qNhTfUgOSH7ROOxTD,1cS0TgbR263ey9jn0MwD2s,Talk Dirty (feat. 2 Chainz),River (feat. Ed Sheeran),0.14
6g6A7qNhTfUgOSH7ROOxTD,6dbSBQXCctYSVryynHXaZ4,Talk Dirty (feat. 2 Chainz),Freaky Friday (feat. Chris Brown),0.09
6g6A7qNhTfUgOSH7ROOxTD,3tjFYV6RSFtuktYl3ZtYcq,Talk Dirty (feat. 2 Chainz),Mood (feat. iann dior),0.13
6g6A7qNhTfUgOSH7ROOxTD,5Z9KJZvQzH6PFmb8SNkxuk,Talk Dirty (feat. 2 Chainz),INDUSTRY BABY (feat. Jack Harlow),0.12
6g6A7qNhTfUgOSH7ROOxTD,4jPy3l0RUwlUI9T5XHBW2m,Talk Dirty (feat. 2 Chainz),Mood (feat. iann dior),0.13
6g6A7qNhTfUgOSH7ROOxTD,27NovPIUIRrOZoCHxABJwK,Talk Dirty (feat. 2 Chainz),INDUSTRY BABY (feat. Jack Harlow),0.12
6g6A7qNhTfUgOSH7ROOxTD,4QNpBfC0zvjKqPJcyqBy9W,Talk Dirty (feat. 2 Chainz),Give Me Everything (feat. Nayer),0.08
2JzZzZUQj3Qff7wapcbKjc,6PGoSes0D9eUDeeAafB2As,See You Again (feat. Charlie Puth),LOVE. FEAT. ZACARI.,0.16
2JzZzZUQj3Qff7wapcbKjc,0CokSRCu5hZgPxcZBaEzVE,See You Again (feat. Charlie Puth),Glorious (feat. Skylar Grey),0.14
2JzZzZUQj3Qff7wapcbKjc,52okn5MNA47tk87PeZJLEL,See You Again (feat. Charlie Puth),Let You Down,0.14
2JzZzZUQj3Qff7wapcbKjc,1cS0TgbR263ey9jn0MwD2s,See You Again (feat. Charlie Puth),River (feat. Ed Sheeran),0.14
2JzZzZUQj3Qff7wapcbKjc,6dbSBQXCctYSVryynHXaZ4,See You Again (feat. Charlie Puth),Freaky Friday (feat. Chris Brown),0.12
2JzZzZUQj3Qff7wapcbKjc,3tjFYV6RSFtuktYl3ZtYcq,See You Again (feat. Charlie Puth),Mood (feat. iann dior),0.17
2JzZzZUQj3Qff7wapcbKjc,5Z9KJZvQzH6PFmb8SNkxuk,See You Again (feat. Charlie Puth),INDUSTRY BABY (feat. Jack Harlow),0.09
2JzZzZUQj3Qff7wapcbKjc,4jPy3l0RUwlUI9T5XHBW2m,See You Again (feat. Charlie Puth),Mood (feat. iann dior),0.17
2JzZzZUQj3Qff7wapcbKjc,27NovPIUIRrOZoCHxABJwK,See You Again (feat. Charlie Puth),INDUSTRY BABY (feat. Jack Harlow),0.09
2JzZzZUQj3Qff7wapcbKjc,0O6u0VJ46W86TxN9wgyqDj,See You Again (feat. Charlie Puth),I Like You (A Happier Song) (with Doja Cat),0.12
2JzZzZUQj3Qff7wapcbKjc,4QNpBfC0zvjKqPJcyqBy9W,See You Again (feat. Charlie Puth),Give Me Everything (feat. Nayer),0.12
40YcuQysJ0KlGQTeGUosTC,77UjLW8j5UAGAGVGhR5oUK,"Me, Myself & I",Pray For Me (with Kendrick Lamar),0.15
40YcuQysJ0KlGQTeGUosTC,54bFM56PmE4YLRnqpW6Tha,"Me, Myself & I",Therefore I Am,0.18
40YcuQysJ0KlGQTeGUosTC,0O6u0VJ46W86TxN9wgyqDj,"Me, Myself & I",I Like You (A Happier Song) (with Doja Cat),0.08
40YcuQysJ0KlGQTeGUosTC,4xhsWYTOGcal8zt0J161CU,"Me, Myself & I",Lovin On Me,0.16
40YcuQysJ0KlGQTeGUosTC,4QNpBfC0zvjKqPJcyqBy9W,"Me, Myself & I",Give Me Everything (feat. Nayer),0.09
6PGoSes0D9eUDeeAafB2As,0CokSRCu5hZgPxcZBaEzVE,LOVE. FEAT. ZACARI.,Glorious (feat. Skylar Grey),0.16
6PGoSes0D9eUDeeAafB2As,1cS0TgbR263ey9jn0MwD2s,LOVE. FEAT. ZACARI.,River (feat. Ed Sheeran),0.21
6PGoSes0D9eUDeeAafB2As,6dbSBQXCctYSVryynHXaZ4,LOVE. FEAT. ZACARI.,Freaky Friday (feat. Chris Brown),0.16
6PGoSes0D9eUDeeAafB2As,3tjFYV6RSFtuktYl3ZtYcq,LOVE. FEAT. ZACARI.,Mood (feat. iann dior),0.23
6PGoSes0D9eUDeeAafB2As,5Z9KJZvQzH6PFmb8SNkxuk,LOVE. FEAT. ZACARI.,INDUSTRY BABY (feat. Jack Harlow),0.17
6PGoSes0D9eUDeeAafB2As,4jPy3l0RUwlUI9T5XHBW2m,LOVE. FEAT. ZACARI.,Mood (feat. iann dior),0.23
6PGoSes0D9eUDeeAafB2As,27NovPIUIRrOZoCHxABJwK,LOVE. FEAT. ZACARI.,INDUSTRY BABY (feat. Jack Harlow),0.17
6PGoSes0D9eUDeeAafB2As,4QNpBfC0zvjKqPJcyqBy9W,LOVE. FEAT. ZACARI.,Give Me Everything (feat. Nayer),0.15
0afhq8XCExXpqazXczTSve,4C6Uex2ILwJi9sZXRdmqXp,Galway Girl,Super Freaky Girl,0.2
0CokSRCu5hZgPxcZBaEzVE,1cS0TgbR263ey9jn0MwD2s,Glorious (feat. Skylar Grey),River (feat. Ed Sheeran),0.14
0CokSRCu5hZgPxcZBaEzVE,6dbSBQXCctYSVryynHXaZ4,Glorious (feat. Skylar Grey),Freaky Friday (feat. Chris Brown),0.12
0CokSRCu5hZgPxcZBaEzVE,3tjFYV6RSFtuktYl3ZtYcq,Glorious (feat. Skylar Grey),Mood (feat. iann dior),0.14
0CokSRCu5hZgPxcZBaEzVE,5Z9KJZvQzH6PFmb8SNkxuk,Glorious (feat. Skylar Grey),INDUSTRY BABY (feat. Jack Harlow),0.12
0CokSRCu5hZgPxcZBaEzVE,4jPy3l0RUwlUI9T5XHBW2m,Glorious (feat. Skylar Grey),Mood (feat. iann dior),0.14
0CokSRCu5hZgPxcZBaEzVE,27NovPIUIRrOZoCHxABJwK,Glorious (feat. Skylar Grey),INDUSTRY BABY (feat. Jack Harlow),0.12
0CokSRCu5hZgPxcZBaEzVE,4QNpBfC0zvjKqPJcyqBy9W,Glorious (feat. Skylar Grey),Give Me Everything (feat. Nayer),0.11
52okn5MNA47tk87PeZJLEL,0O6u0VJ46W86TxN9wgyqDj,Let You Down,I Like You (A Happier Song) (with Doja Cat),0.12
1cS0TgbR263ey9jn0MwD2s,6dbSBQXCctYSVryynHXaZ4,River (feat. Ed Sheeran),Freaky Friday (feat. Chris Brown),0.15
1cS0TgbR263ey9jn0MwD2s,3tjFYV6RSFtuktYl3ZtYcq,River (feat. Ed Sheeran),Mood (feat. iann dior),0.2
1cS0TgbR263ey9jn0MwD2s,5Z9KJZvQzH6PFmb8SNkxuk,River (feat. Ed Sheeran),INDUSTRY BABY (feat. Jack Harlow),0.16
1cS0TgbR263ey9jn0MwD2s,4jPy3l0RUwlUI9T5XHBW2m,River (feat. Ed Sheeran),Mood (feat. iann dior),0.2
1cS0TgbR263ey9jn0MwD2s,27NovPIUIRrOZoCHxABJwK,River (feat. Ed Sheeran),INDUSTRY BABY (feat. Jack Harlow),0.16
1cS0TgbR263ey9jn0MwD2s,4QNpBfC0zvjKqPJcyqBy9W,River (feat. Ed Sheeran),Give Me Everything (feat. Nayer),0.16
6dbSBQXCctYSVryynHXaZ4,3tjFYV6RSFtuktYl3ZtYcq,Freaky Friday (feat. Chris Brown),Mood (feat. iann dior),0.15
6dbSBQXCctYSVryynHXaZ4,5Z9KJZvQzH6PFmb8SNkxuk,Freaky Friday (feat. Chris Brown),INDUSTRY BABY (feat. Jack Harlow),0.1
6dbSBQXCctYSVryynHXaZ4,4jPy3l0RUwlUI9T5XHBW2m,Freaky Friday (feat. Chris Brown),Mood (feat. iann dior),0.15
6dbSBQXCctYSVryynHXaZ4,4C6Uex2ILwJi9sZXRdmqXp,Freaky Friday (feat. Chris Brown),Super Freaky Girl,0.23
6dbSBQXCctYSVryynHXaZ4,27NovPIUIRrOZoCHxABJwK,Freaky Friday (feat. Chris Brown),INDUSTRY BABY (feat. Jack Harlow),0.1
6dbSBQXCctYSVryynHXaZ4,4QNpBfC0zvjKqPJcyqBy9W,Freaky Friday (feat. Chris Brown),Give Me Everything (feat. Nayer),0.15
77UjLW8j5UAGAGVGhR5oUK,5HCyWlXZPP0y6Gqq8TgA20,Pray For Me (with Kendrick Lamar),STAY (with Justin Bieber),0.12
77UjLW8j5UAGAGVGhR5oUK,0O6u0VJ46W86TxN9wgyqDj,Pray For Me (with Kendrick Lamar),I Like You (A Happier Song) (with Doja Cat),0.08
77UjLW8j5UAGAGVGhR5oUK,5PjdY0CKGZdEuoNab3yDmX,Pray For Me (with Kendrick Lamar),STAY (with Justin Bieber),0.12
77UjLW8j5UAGAGVGhR5oUK,4xhsWYTOGcal8zt0J161CU,Pray For Me (with Kendrick Lamar),Lovin On Me,0.17
77UjLW8j5UAGAGVGhR5oUK,4QNpBfC0zvjKqPJcyqBy9W,Pray For Me (with Kendrick Lamar),Give Me Everything (feat. Nayer),0.11
3tjFYV6RSFtuktYl3ZtYcq,5Z9KJZvQzH6PFmb8SNkxuk,Mood (feat. iann dior),INDUSTRY BABY (feat. Jack Harlow),0.16
3tjFYV6RSFtuktYl3ZtYcq,4jPy3l0RUwlUI9T5XHBW2m,Mood (feat. iann dior),Mood (feat. iann dior),1.0
3tjFYV6RSFtuktYl3ZtYcq,27NovPIUIRrOZoCHxABJwK,Mood (feat. iann dior),INDUSTRY BABY (feat. Jack Harlow),0.16
3tjFYV6RSFtuktYl3ZtYcq,4QNpBfC0zvjKqPJcyqBy9W,Mood (feat. iann dior),Give Me Everything (feat. Nayer),0.17
54bFM56PmE4YLRnqpW6Tha,0O6u0VJ46W86TxN9wgyqDj,Therefore I Am,I Like You (A Happier Song) (with Doja Cat),0.06
5HCyWlXZPP0y6Gqq8TgA20,0O6u0VJ46W86TxN9wgyqDj,STAY (with Justin Bieber),I Like You (A Happier Song) (with Doja Cat),0.08
5HCyWlXZPP0y6Gqq8TgA20,5PjdY0CKGZdEuoNab3yDmX,STAY (with Justin Bieber),STAY (with Justin Bieber),1.0
5Z9KJZvQzH6PFmb8SNkxuk,4jPy3l0RUwlUI9T5XHBW2m,INDUSTRY BABY (feat. Jack Harlow),Mood (feat. iann dior),0.16
5Z9KJZvQzH6PFmb8SNkxuk,27NovPIUIRrOZoCHxABJwK,INDUSTRY BABY (feat. Jack Harlow),INDUSTRY BABY (feat. Jack Harlow),1.0
5Z9KJZvQzH6PFmb8SNkxuk,4QNpBfC0zvjKqPJcyqBy9W,INDUSTRY BABY (feat. Jack Harlow),Give Me Everything (feat. Nayer),0.1
4jPy3l0RUwlUI9T5XHBW2m,27NovPIUIRrOZoCHxABJwK,Mood (feat. iann dior),INDUSTRY BABY (feat. Jack Harlow),0.16
4jPy3l0RUwlUI9T5XHBW2m,4QNpBfC0zvjKqPJcyqBy9W,Mood (feat. iann dior),Give Me Everything (feat. Nayer),0.17
0eu4C55hL6x29mmeAjytzC,4xhsWYTOGcal8zt0J161CU,Life Goes On,Lovin On Me,0.2
27NovPIUIRrOZoCHxABJwK,4QNpBfC0zvjKqPJcyqBy9W,INDUSTRY BABY (feat. Jack Harlow),Give Me Everything (feat. Nayer),0.1
0O6u0VJ46W86TxN9wgyqDj,5PjdY0CKGZdEuoNab3yDmX,I Like You (A Happier Song) (with Doja Cat),STAY (with Justin Bieber),0.08
4xhsWYTOGcal8zt0J161CU,4QNpBfC0zvjKqPJcyqBy9W,Lovin On Me,Give Me Everything (feat. Nayer),0.13
