2m1hi0nfMR9vdGC8UcrnwU,0ZqveF2rEFlz2oqF2xrriP,All The Small Things,The Riddle,0.15
2m1hi0nfMR9vdGC8UcrnwU,18kaCWM0OOdSQTnxCcoSU5,All The Small Things,The Logical Song,0.12
2m1hi0nfMR9vdGC8UcrnwU,5B5eTk7DF8KVp1zpQoY1XY,All The Small Things,The Reason,0.18
2m1hi0nfMR9vdGC8UcrnwU,5imShWWzwqfAJ9gXFpGAQh,All The Small Things,Waiting On the World to Change,0.07
2m1hi0nfMR9vdGC8UcrnwU,4AFwnrH5atiJoAd5xS5QtR,All The Small Things,The Man Who Can't Be Moved,0.12
2m1hi0nfMR9vdGC8UcrnwU,5XRHGXut00SrJUFmcn2lQF,All The Small Things,All The Right Moves,0.35
2m1hi0nfMR9vdGC8UcrnwU,09ZcYBGFX16X8GMDrvqQwt,All The Small Things,For the First Time,0.16
2m1hi0nfMR9vdGC8UcrnwU,2a3U3GTCvrcma7wetBtOpi,All The Small Things,The Flood,0.16
2m1hi0nfMR9vdGC8UcrnwU,3zNNXjjjeLrzIXSJZKalDi,All The Small Things,I Follow Rivers - The Magician Remix,0.1
2m1hi0nfMR9vdGC8UcrnwU,0PgNhIg5n0UAOBVn43b8b6,All The Small Things,The Adventures of Rain Dance Maggie,0.08
2m1hi0nfMR9vdGC8UcrnwU,3uwnnTQcHM1rDqSfA4gQNz,All The Small Things,Cool for the Summer,0.12
2m1hi0nfMR9vdGC8UcrnwU,5Ohxk2dO5COHF1krpoPigN,All The Small Things,Sign of the Times,0.08
2m1hi0nfMR9vdGC8UcrnwU,4ylWMuGbMXNDgDd8lErEle,All The Small Things,The Greatest Show,0.12
2m1hi0nfMR9vdGC8UcrnwU,2pn8dNVSpYnAtlKFC8Q0DJ,All The Small Things,On The Ground,0.13
2m1hi0nfMR9vdGC8UcrnwU,1r9xUipOqoNwggBpENDsvJ,All The Small Things,Enemy (with JID) - from the series Arcane League of Legends,0.04
2m1hi0nfMR9vdGC8UcrnwU,1Iq8oo9XkmmvCQiGOfORiz,All The Small Things,Is It Over Now? (Taylor's Version) (From The Vault),0.06
2m1hi0nfMR9vdGC8UcrnwU,3RiPr603aXAoi4GHyXx0uy,All The Small Things,Hymn for the Weekend,0.13
0v1XpBHnsbkCn7iJ9Ucr1l,1vlTMKVV0FxG6CxGTmSY3t,It's My Life,Life Is A Rollercoaster,0.22
0v1XpBHnsbkCn7iJ9Ucr1l,3TwtrR1yNLY1PMPsrGQpOp,It's My Life,Superman (It's Not Easy),0.17
0v1XpBHnsbkCn7iJ9Ucr1l,5fVZC9GiM4e8vu99W0Xf6J,It's My Life,How to Save a Life,0.18
0v1XpBHnsbkCn7iJ9Ucr1l,1N62wozuHCvczCkY4QidpP,It's My Life,Over My Head (Cable Car),0.1
0v1XpBHnsbkCn7iJ9Ucr1l,1JOxCh2Aa08z8cNJQJhWBJ,It's My Life,Fill My Little World,0.11
0v1XpBHnsbkCn7iJ9Ucr1l,4Dm32oO01YpIubCHaAtKkN,It's My Life,My Life Would Suck Without You,0.29
0v1XpBHnsbkCn7iJ9Ucr1l,5BoIP8Eha5hwmRVURkC2Us,It's My Life,In My Head,0.19
0v1XpBHnsbkCn7iJ9Ucr1l,6OtCIsQZ64Vs1EbzztvAv4,It's My Life,Good Life,0.28
0v1XpBHnsbkCn7iJ9Ucr1l,5Hroj5K7vLpIG4FNCRIjbP,It's My Life,Best Day Of My Life,0.33
0v1XpBHnsbkCn7iJ9Ucr1l,2Bs4jQEGMycglOfWPBqrVG,It's My Life,Steal My Girl,0.15
0v1XpBHnsbkCn7iJ9Ucr1l,2QZ7WLBE8h2y1Y5Fb8RYbH,It's My Life,In My Blood,0.17
0v1XpBHnsbkCn7iJ9Ucr1l,3FeVmId7tL5YN8B7R3imoM,It's My Life,My Universe,0.2
0ZqveF2rEFlz2oqF2xrriP,18kaCWM0OOdSQTnxCcoSU5,The Riddle,The Logical Song,0.2
0ZqveF2rEFlz2oqF2xrriP,5B5eTk7DF8KVp1zpQoY1XY,The Riddle,The Reason,0.31
0ZqveF2rEFlz2oqF2xrriP,5imShWWzwqfAJ9gXFpGAQh,The Riddle,Waiting On the World to Change,0.09
0ZqveF2rEFlz2oqF2xrriP,4AFwnrH5atiJoAd5xS5QtR,The Riddle,The Man Who Can't Be Moved,0.13
0ZqveF2rEFlz2oqF2xrriP,5XRHGXut00SrJUFmcn2lQF,The Riddle,All The Right Moves,0.16
0ZqveF2rEFlz2oqF2xrriP,09ZcYBGFX16X8GMDrvqQwt,The Riddle,For the First Time,0.23
0ZqveF2rEFlz2oqF2xrriP,2a3U3GTCvrcma7wetBtOpi,The Riddle,The Flood,0.35
0ZqveF2rEFlz2oqF2xrriP,3zNNXjjjeLrzIXSJZKalDi,The Riddle,I Follow Rivers - The Magician Remix,0.15
0ZqveF2rEFlz2oqF2xrriP,0PgNhIg5n0UAOBVn43b8b6,The Riddle,The Adventures of Rain Dance Maggie,0.1
0ZqveF2rEFlz2oqF2xrriP,3uwnnTQcHM1rDqSfA4gQNz,The Riddle,Cool for the Summer,0.2
0ZqveF2rEFlz2oqF2xrriP,5Ohxk2dO5COHF1krpoPigN,The Riddle,Sign of the Times,0.13
0ZqveF2rEFlz2oqF2xrriP,4ylWMuGbMXNDgDd8lErEle,The Riddle,The Greatest Show,0.22
0ZqveF2rEFlz2oqF2xrriP,2pn8dNVSpYnAtlKFC8Q0DJ,The Riddle,On The Ground,0.25
0ZqveF2rEFlz2oqF2xrriP,1r9xUipOqoNwggBpENDsvJ,The Riddle,Enemy (with JID) - from the series Arcane League of Legends,0.06
0ZqveF2rEFlz2oqF2xrriP,1Iq8oo9XkmmvCQiGOfORiz,The Riddle,Is It Over Now? (Taylor's Version) (From The Vault),0.08
0ZqveF2rEFlz2oqF2xrriP,3RiPr603aXAoi4GHyXx0uy,The Riddle,Hymn for the Weekend,0.2
3mNecsYFb6LQg7822DPXCP,1vlTMKVV0FxG6CxGTmSY3t,Absolutely (Story of a Girl) - Radio Mix,Life Is A Rollercoaster,0.1
3mNecsYFb6LQg7822DPXCP,2sFp6E7lNBbblJGmUtCfFH,Absolutely (Story of a Girl) - Radio Mix,Uptown Girl - Radio Edit,0.3
3mNecsYFb6LQg7822DPXCP,4w1lzcaoZ1IC2K5TwjalRP,Absolutely (Story of a Girl) - Radio Mix,A Thousand Miles,0.09
3mNecsYFb6LQg7822DPXCP,1BpV8IGf4XsRRJf4Xuui9q,Absolutely (Story of a Girl) - Radio Mix,Just Like a Pill,0.09
3mNecsYFb6LQg7822DPXCP,5fVZC9GiM4e8vu99W0Xf6J,Absolutely (Story of a Girl) - Radio Mix,How to Save a Life,0.08
3mNecsYFb6LQg7822DPXCP,2hns6Dv29Yrg68AVTJiAyA,Absolutely (Story of a Girl) - Radio Mix,Who Knew - Edit,0.07
3mNecsYFb6LQg7822DPXCP,005lwxGU1tms6HGELIcUv9,Absolutely (Story of a Girl) - Radio Mix,I Kissed A Girl,0.15
3mNecsYFb6LQg7822DPXCP,3zNNXjjjeLrzIXSJZKalDi,Absolutely (Story of a Girl) - Radio Mix,I Follow Rivers - The Magician Remix,0.03
3mNecsYFb6LQg7822DPXCP,0PgNhIg5n0UAOBVn43b8b6,Absolutely (Story of a Girl) - Radio Mix,The Adventures of Rain Dance Maggie,0.06
3mNecsYFb6LQg7822DPXCP,3w3y8KPTfNeOKPiqUTakBh,Absolutely (Story of a Girl) - Radio Mix,Locked out of Heaven,0.07
3mNecsYFb6LQg7822DPXCP,5Hroj5K7vLpIG4FNCRIjbP,Absolutely (Story of a Girl) - Radio Mix,Best Day Of My Life,0.05
3mNecsYFb6LQg7822DPXCP,2Bs4jQEGMycglOfWPBqrVG,Absolutely (Story of a Girl) - Radio Mix,Steal My Girl,0.08
3mNecsYFb6LQg7822DPXCP,70eDxAyAraNTiD6lx2ZEnH,Absolutely (Story of a Girl) - Radio Mix,Ex's & Oh's,0.05
3mNecsYFb6LQg7822DPXCP,5Ohxk2dO5COHF1krpoPigN,Absolutely (Story of a Girl) - Radio Mix,Sign of the Times,0.06
3mNecsYFb6LQg7822DPXCP,4ggiDYAkJ7Yk8d5xOr7Xjo,Absolutely (Story of a Girl) - Radio Mix,Me Niego (feat. Ozuna & Wisin),0.01
3mNecsYFb6LQg7822DPXCP,1r9xUipOqoNwggBpENDsvJ,Absolutely (Story of a Girl) - Radio Mix,Enemy (with JID) - from the series Arcane League of Legends,0.07
3mNecsYFb6LQg7822DPXCP,6xZ4Q2k2ompmDppyeESIY8,Absolutely (Story of a Girl) - Radio Mix,Level of Concern,0.09
4cKGldbhGJniI8BrB3K6tb,1jlG3KJ3gdYmhfuySFfpO1,Everything You Want,I'm with You,0.21
4cKGldbhGJniI8BrB3K6tb,6ich2xMH5AR39V85miIAN8,Everything You Want,I Don't Want to Be,0.11
4cKGldbhGJniI8BrB3K6tb,28euH5Ny1JXxZAt2KjWp62,Everything You Want,You Give Me Something,0.11
4cKGldbhGJniI8BrB3K6tb,1GEBsLDvJGw7kviySRI6GX,Everything You Want,You Belong With Me,0.17
4cKGldbhGJniI8BrB3K6tb,5gb9UJkh8TfrNMRYOJNbew,Everything You Want,Gives You Hell,0.24
4cKGldbhGJniI8BrB3K6tb,4Dm32oO01YpIubCHaAtKkN,Everything You Want,My Life Would Suck Without You,0.15
4cKGldbhGJniI8BrB3K6tb,2rDwdvBma1O1eLzo29p2cr,Everything You Want,Whataya Want from Me,0.16
4cKGldbhGJniI8BrB3K6tb,2TUzU4IkfH8kcvY2MUlsd2,Everything You Want,I Won't Let You Go,0.12
4cKGldbhGJniI8BrB3K6tb,4cluDES4hQEUhmXj6TXkSo,Everything You Want,What Makes You Beautiful,0.18
4cKGldbhGJniI8BrB3K6tb,6FB3v4YcR57y4tXFcdxI1E,Everything You Want,I Knew You Were Trouble.,0.14
4cKGldbhGJniI8BrB3K6tb,1yjY7rpaAQvKwpdUliHx0d,Everything You Want,Still into You,0.22
4cKGldbhGJniI8BrB3K6tb,6LsAAHotRLMOHfCsSfYCsz,Everything You Want,If I Can't Have You,0.11
4cKGldbhGJniI8BrB3K6tb,3jjujdWJ72nww5eGnfs2E7,Everything You Want,Adore You,0.24
4cKGldbhGJniI8BrB3K6tb,0e8nrvls4Qqv5Rfa2UhqmO,Everything You Want,THATS WHAT I WANT,0.14
1vlTMKVV0FxG6CxGTmSY3t,4w1lzcaoZ1IC2K5TwjalRP,Life Is A Rollercoaster,A Thousand Miles,0.13
1vlTMKVV0FxG6CxGTmSY3t,1BpV8IGf4XsRRJf4Xuui9q,Life Is A Rollercoaster,Just Like a Pill,0.14
1vlTMKVV0FxG6CxGTmSY3t,5fVZC9GiM4e8vu99W0Xf6J,Life Is A Rollercoaster,How to Save a Life,0.3
1vlTMKVV0FxG6CxGTmSY3t,005lwxGU1tms6HGELIcUv9,Life Is A Rollercoaster,I Kissed A Girl,0.14
1vlTMKVV0FxG6CxGTmSY3t,4Dm32oO01YpIubCHaAtKkN,Life Is A Rollercoaster,My Life Would Suck Without You,0.16
1vlTMKVV0FxG6CxGTmSY3t,1MaqkdFNIKPdpQGDzme5ss,Life Is A Rollercoaster,Two Is Better Than One (feat. Taylor Swift),0.06
1vlTMKVV0FxG6CxGTmSY3t,6OtCIsQZ64Vs1EbzztvAv4,Life Is A Rollercoaster,Good Life,0.23
1vlTMKVV0FxG6CxGTmSY3t,5Hroj5K7vLpIG4FNCRIjbP,Life Is A Rollercoaster,Best Day Of My Life,0.17
1vlTMKVV0FxG6CxGTmSY3t,1Iq8oo9XkmmvCQiGOfORiz,Life Is A Rollercoaster,Is It Over Now? (Taylor's Version) (From The Vault),0.05
3TwtrR1yNLY1PMPsrGQpOp,4bPQs0PHn4xbipzdPfn6du,Superman (It's Not Easy),I Write Sins Not Tragedies,0.1
2sFp6E7lNBbblJGmUtCfFH,2hns6Dv29Yrg68AVTJiAyA,Uptown Girl - Radio Edit,Who Knew - Edit,0.28
2sFp6E7lNBbblJGmUtCfFH,005lwxGU1tms6HGELIcUv9,Uptown Girl - Radio Edit,I Kissed A Girl,0.09
2sFp6E7lNBbblJGmUtCfFH,3zNNXjjjeLrzIXSJZKalDi,Uptown Girl - Radio Edit,I Follow Rivers - The Magician Remix,0.04
2sFp6E7lNBbblJGmUtCfFH,2Bs4jQEGMycglOfWPBqrVG,Uptown Girl - Radio Edit,Steal My Girl,0.11
2sFp6E7lNBbblJGmUtCfFH,70eDxAyAraNTiD6lx2ZEnH,Uptown Girl - Radio Edit,Ex's & Oh's,0.09
2sFp6E7lNBbblJGmUtCfFH,4ggiDYAkJ7Yk8d5xOr7Xjo,Uptown Girl - Radio Edit,Me Niego (feat. Ozuna & Wisin),0.03
2sFp6E7lNBbblJGmUtCfFH,1r9xUipOqoNwggBpENDsvJ,Uptown Girl - Radio Edit,Enemy (with JID) - from the series Arcane League of Legends,0.02
4w1lzcaoZ1IC2K5TwjalRP,1BpV8IGf4XsRRJf4Xuui9q,A Thousand Miles,Just Like a Pill,0.11
4w1lzcaoZ1IC2K5TwjalRP,5fVZC9GiM4e8vu99W0Xf6J,A Thousand Miles,How to Save a Life,0.11
4w1lzcaoZ1IC2K5TwjalRP,005lwxGU1tms6HGELIcUv9,A Thousand Miles,I Kissed A Girl,0.16
15f8Cv8RXUlOOCIf2oaceN,1gv4xPanImH17bKZ9rOveR,Underneath Your Clothes,Raise Your Glass,0.22
18kaCWM0OOdSQTnxCcoSU5,5B5eTk7DF8KVp1zpQoY1XY,The Logical Song,The Reason,0.19
18kaCWM0OOdSQTnxCcoSU5,5imShWWzwqfAJ9gXFpGAQh,The Logical Song,Waiting On the World to Change,0.1
18kaCWM0OOdSQTnxCcoSU5,4AFwnrH5atiJoAd5xS5QtR,The Logical Song,The Man Who Can't Be Moved,0.13
18kaCWM0OOdSQTnxCcoSU5,5XRHGXut00SrJUFmcn2lQF,The Logical Song,All The Right Moves,0.12
18kaCWM0OOdSQTnxCcoSU5,09ZcYBGFX16X8GMDrvqQwt,The Logical Song,For the First Time,0.16
18kaCWM0OOdSQTnxCcoSU5,2a3U3GTCvrcma7wetBtOpi,The Logical Song,The Flood,0.18
18kaCWM0OOdSQTnxCcoSU5,3zNNXjjjeLrzIXSJZKalDi,The Logical Song,I Follow Rivers - The Magician Remix,0.11
18kaCWM0OOdSQTnxCcoSU5,0PgNhIg5n0UAOBVn43b8b6,The Logical Song,The Adventures of Rain Dance Maggie,0.1
18kaCWM0OOdSQTnxCcoSU5,3uwnnTQcHM1rDqSfA4gQNz,The Logical Song,Cool for the Summer,0.17
18kaCWM0OOdSQTnxCcoSU5,37f4ITSlgPX81ad2EvmVQr,The Logical Song,Fight Song,0.34
18kaCWM0OOdSQTnxCcoSU5,5Ohxk2dO5COHF1krpoPigN,The Logical Song,Sign of the Times,0.1
18kaCWM0OOdSQTnxCcoSU5,4ylWMuGbMXNDgDd8lErEle,The Logical Song,The Greatest Show,0.14
18kaCWM0OOdSQTnxCcoSU5,2pn8dNVSpYnAtlKFC8Q0DJ,The Logical Song,On The Ground,0.17
18kaCWM0OOdSQTnxCcoSU5,1r9xUipOqoNwggBpENDsvJ,The Logical Song,Enemy (with JID) - from the series Arcane League of Legends,0.06
18kaCWM0OOdSQTnxCcoSU5,1Iq8oo9XkmmvCQiGOfORiz,The Logical Song,Is It Over Now? (Taylor's Version) (From The Vault),0.07
18kaCWM0OOdSQTnxCcoSU5,3RiPr603aXAoi4GHyXx0uy,The Logical Song,Hymn for the Weekend,0.2
1BpV8IGf4XsRRJf4Xuui9q,5fVZC9GiM4e8vu99W0Xf6J,Just Like a Pill,How to Save a Life,0.12
1BpV8IGf4XsRRJf4Xuui9q,13pyGLYmBjYgvOMIEivX2K,Just Like a Pill,I Don't Feel Like Dancin',0.14
1BpV8IGf4XsRRJf4Xuui9q,005lwxGU1tms6HGELIcUv9,Just Like a Pill,I Kissed A Girl,0.11
1BpV8IGf4XsRRJf4Xuui9q,1HfxPaJggVwFsvOtHbVzMz,Just Like a Pill,Live Like We're Dying,0.15
6AfLmKXzhEZjwiVPs5jhdV,7kMfu3KUydmrFVGEAhjtyl,Hella Good,Good Girls Go Bad (feat. Leighton Meester),0.16
6AfLmKXzhEZjwiVPs5jhdV,6OtCIsQZ64Vs1EbzztvAv4,Hella Good,Good Life,0.28
6AfLmKXzhEZjwiVPs5jhdV,4Tt6GiWS2V9sQjZjS2xjp2,Hella Good,"Honey, I'm Good.",0.23
6AfLmKXzhEZjwiVPs5jhdV,6PERP62TejQjgHu81OHxgM,Hella Good,good 4 u,0.28
6AfLmKXzhEZjwiVPs5jhdV,4ZtFanR9U6ndgddUvNcjcG,Hella Good,good 4 u,0.28
3xrn9i8zhNZsTtcoWgQEAd,54JKnDB3CzVu8wNAOM27BI,Since U Been Gone,When You're Gone,0.11
3xrn9i8zhNZsTtcoWgQEAd,56sxN1yKg1dgOZXBcAHkJG,Since U Been Gone,"Gone, Gone, Gone",0.23
3xrn9i8zhNZsTtcoWgQEAd,6PERP62TejQjgHu81OHxgM,Since U Been Gone,good 4 u,0.12
3xrn9i8zhNZsTtcoWgQEAd,4ZtFanR9U6ndgddUvNcjcG,Since U Been Gone,good 4 u,0.12
3xrn9i8zhNZsTtcoWgQEAd,0U1W2LZVUX7qTm7dDpqxh6,Since U Been Gone,When You're Gone,0.11
1jlG3KJ3gdYmhfuySFfpO1,28euH5Ny1JXxZAt2KjWp62,I'm with You,You Give Me Something,0.15
1jlG3KJ3gdYmhfuySFfpO1,1GEBsLDvJGw7kviySRI6GX,I'm with You,You Belong With Me,0.41
1jlG3KJ3gdYmhfuySFfpO1,5gb9UJkh8TfrNMRYOJNbew,I'm with You,Gives You Hell,0.21
1jlG3KJ3gdYmhfuySFfpO1,4Dm32oO01YpIubCHaAtKkN,I'm with You,My Life Would Suck Without You,0.12
1jlG3KJ3gdYmhfuySFfpO1,2TUzU4IkfH8kcvY2MUlsd2,I'm with You,I Won't Let You Go,0.1
1jlG3KJ3gdYmhfuySFfpO1,4cluDES4hQEUhmXj6TXkSo,I'm with You,What Makes You Beautiful,0.15
1jlG3KJ3gdYmhfuySFfpO1,6FB3v4YcR57y4tXFcdxI1E,I'm with You,I Knew You Were Trouble.,0.1
1jlG3KJ3gdYmhfuySFfpO1,1yjY7rpaAQvKwpdUliHx0d,I'm with You,Still into You,0.2
1jlG3KJ3gdYmhfuySFfpO1,4Tt6GiWS2V9sQjZjS2xjp2,I'm with You,"Honey, I'm Good.",0.22
1jlG3KJ3gdYmhfuySFfpO1,6LsAAHotRLMOHfCsSfYCsz,I'm with You,If I Can't Have You,0.1
1jlG3KJ3gdYmhfuySFfpO1,3jjujdWJ72nww5eGnfs2E7,I'm with You,Adore You,0.24
1jlG3KJ3gdYmhfuySFfpO1,5HCyWlXZPP0y6Gqq8TgA20,I'm with You,STAY (with Justin Bieber),0.2
1jlG3KJ3gdYmhfuySFfpO1,1r9xUipOqoNwggBpENDsvJ,I'm with You,Enemy (with JID) - from the series Arcane League of Legends,0.11
1jlG3KJ3gdYmhfuySFfpO1,5PjdY0CKGZdEuoNab3yDmX,I'm with You,STAY (with Justin Bieber),0.2
6ECp64rv50XVz93WvxXMGF,6SHvqMjPEQqyJaxuEzNcr3,This Love,Love Machine,0.37
6ECp64rv50XVz93WvxXMGF,20X9OeC606XNwEtDBOym5u,This Love,Love Drunk,0.33
6ECp64rv50XVz93WvxXMGF,3JvKfv6T31zO0ini8iNItO,This Love,Another Love,0.28
6ECp64rv50XVz93WvxXMGF,5BJSZocnCeSNeYMj3iVqM7,This Love,Love Runs Out,0.22
5B5eTk7DF8KVp1zpQoY1XY,5imShWWzwqfAJ9gXFpGAQh,The Reason,Waiting On the World to Change,0.09
5B5eTk7DF8KVp1zpQoY1XY,4AFwnrH5atiJoAd5xS5QtR,The Reason,The Man Who Can't Be Moved,0.13
5B5eTk7DF8KVp1zpQoY1XY,5XRHGXut00SrJUFmcn2lQF,The Reason,All The Right Moves,0.14
5B5eTk7DF8KVp1zpQoY1XY,09ZcYBGFX16X8GMDrvqQwt,The Reason,For the First Time,0.23
5B5eTk7DF8KVp1zpQoY1XY,2a3U3GTCvrcma7wetBtOpi,The Reason,The Flood,0.3
5B5eTk7DF8KVp1zpQoY1XY,3zNNXjjjeLrzIXSJZKalDi,The Reason,I Follow Rivers - The Magician Remix,0.15
5B5eTk7DF8KVp1zpQoY1XY,0PgNhIg5n0UAOBVn43b8b6,The Reason,The Adventures of Rain Dance Maggie,0.1
5B5eTk7DF8KVp1zpQoY1XY,3uwnnTQcHM1rDqSfA4gQNz,The Reason,Cool for the Summer,0.21
5B5eTk7DF8KVp1zpQoY1XY,5Ohxk2dO5COHF1krpoPigN,The Reason,Sign of the Times,0.12
5B5eTk7DF8KVp1zpQoY1XY,4ylWMuGbMXNDgDd8lErEle,The Reason,The Greatest Show,0.24
5B5eTk7DF8KVp1zpQoY1XY,2pn8dNVSpYnAtlKFC8Q0DJ,The Reason,On The Ground,0.24
5B5eTk7DF8KVp1zpQoY1XY,1r9xUipOqoNwggBpENDsvJ,The Reason,Enemy (with JID) - from the series Arcane League of Legends,0.06
5B5eTk7DF8KVp1zpQoY1XY,1Iq8oo9XkmmvCQiGOfORiz,The Reason,Is It Over Now? (Taylor's Version) (From The Vault),0.07
5B5eTk7DF8KVp1zpQoY1XY,3RiPr603aXAoi4GHyXx0uy,The Reason,Hymn for the Weekend,0.2
6SHvqMjPEQqyJaxuEzNcr3,20X9OeC606XNwEtDBOym5u,Love Machine,Love Drunk,0.34
6SHvqMjPEQqyJaxuEzNcr3,3JvKfv6T31zO0ini8iNItO,Love Machine,Another Love,0.32
6SHvqMjPEQqyJaxuEzNcr3,5BJSZocnCeSNeYMj3iVqM7,Love Machine,Love Runs Out,0.25
6ich2xMH5AR39V85miIAN8,5fVZC9GiM4e8vu99W0Xf6J,I Don't Want to Be,How to Save a Life,0.11
6ich2xMH5AR39V85miIAN8,5imShWWzwqfAJ9gXFpGAQh,I Don't Want to Be,Waiting On the World to Change,0.08
6ich2xMH5AR39V85miIAN8,13pyGLYmBjYgvOMIEivX2K,I Don't Want to Be,I Don't Feel Like Dancin',0.28
6ich2xMH5AR39V85miIAN8,005lwxGU1tms6HGELIcUv9,I Don't Want to Be,I Kissed A Girl,0.15
6ich2xMH5AR39V85miIAN8,4AFwnrH5atiJoAd5xS5QtR,I Don't Want to Be,The Man Who Can't Be Moved,0.09
6ich2xMH5AR39V85miIAN8,06T10fEzN8ZCcqzQZYA184,I Don't Want to Be,Gotta Be Somebody,0.19
6ich2xMH5AR39V85miIAN8,2rDwdvBma1O1eLzo29p2cr,I Don't Want to Be,Whataya Want from Me,0.11
6ich2xMH5AR39V85miIAN8,3zNNXjjjeLrzIXSJZKalDi,I Don't Want to Be,I Follow Rivers - The Magician Remix,0.16
6ich2xMH5AR39V85miIAN8,2TUzU4IkfH8kcvY2MUlsd2,I Don't Want to Be,I Won't Let You Go,0.14
6ich2xMH5AR39V85miIAN8,6FB3v4YcR57y4tXFcdxI1E,I Don't Want to Be,I Knew You Were Trouble.,0.15
6ich2xMH5AR39V85miIAN8,2NniAhAtkRACaMeYt48xlD,I Don't Want to Be,50 Ways to Say Goodbye,0.1
6ich2xMH5AR39V85miIAN8,0qwcGscxUHGZTgq0zcaqk1,I Don't Want to Be,Here's to Never Growing Up,0.09
6ich2xMH5AR39V85miIAN8,6LsAAHotRLMOHfCsSfYCsz,I Don't Want to Be,If I Can't Have You,0.16
6ich2xMH5AR39V85miIAN8,0e8nrvls4Qqv5Rfa2UhqmO,I Don't Want to Be,THATS WHAT I WANT,0.32
6ich2xMH5AR39V85miIAN8,4bPQs0PHn4xbipzdPfn6du,I Don't Want to Be,I Write Sins Not Tragedies,0.13
0vg4WnUWvze6pBOJDTq99k,1HwpWwa6bnqqRhK8agG4RS,You're Beautiful,Beautiful Soul,0.32
0vg4WnUWvze6pBOJDTq99k,54JKnDB3CzVu8wNAOM27BI,You're Beautiful,When You're Gone,0.27
0vg4WnUWvze6pBOJDTq99k,4cluDES4hQEUhmXj6TXkSo,You're Beautiful,What Makes You Beautiful,0.14
0vg4WnUWvze6pBOJDTq99k,6fRxMU4LWwyaSSowV441IU,You're Beautiful,Beautiful Mistakes (feat. Megan Thee Stallion),0.12
0vg4WnUWvze6pBOJDTq99k,0U1W2LZVUX7qTm7dDpqxh6,You're Beautiful,When You're Gone,0.27
0mUyMawtxj1CJ76kn9gIZK,7kMfu3KUydmrFVGEAhjtyl,Bad Day,Good Girls Go Bad (feat. Leighton Meester),0.08
0mUyMawtxj1CJ76kn9gIZK,5Hroj5K7vLpIG4FNCRIjbP,Bad Day,Best Day Of My Life,0.13
0mUyMawtxj1CJ76kn9gIZK,2i8f4VnnBjy0yDqH2C452a,Bad Day,bad idea right?,0.26
1HwpWwa6bnqqRhK8agG4RS,4HlFJV71xXKIGcU3kRyttv,Beautiful Soul,"Hey, Soul Sister",0.22
1HwpWwa6bnqqRhK8agG4RS,4cluDES4hQEUhmXj6TXkSo,Beautiful Soul,What Makes You Beautiful,0.15
1HwpWwa6bnqqRhK8agG4RS,6fRxMU4LWwyaSSowV441IU,Beautiful Soul,Beautiful Mistakes (feat. Megan Thee Stallion),0.1
5fVZC9GiM4e8vu99W0Xf6J,5imShWWzwqfAJ9gXFpGAQh,How to Save a Life,Waiting On the World to Change,0.08
5fVZC9GiM4e8vu99W0Xf6J,005lwxGU1tms6HGELIcUv9,How to Save a Life,I Kissed A Girl,0.1
5fVZC9GiM4e8vu99W0Xf6J,4Dm32oO01YpIubCHaAtKkN,How to Save a Life,My Life Would Suck Without You,0.13
5fVZC9GiM4e8vu99W0Xf6J,6OtCIsQZ64Vs1EbzztvAv4,How to Save a Life,Good Life,0.19
5fVZC9GiM4e8vu99W0Xf6J,2NniAhAtkRACaMeYt48xlD,How to Save a Life,50 Ways to Say Goodbye,0.12
5fVZC9GiM4e8vu99W0Xf6J,0qwcGscxUHGZTgq0zcaqk1,How to Save a Life,Here's to Never Growing Up,0.12
5fVZC9GiM4e8vu99W0Xf6J,5Hroj5K7vLpIG4FNCRIjbP,How to Save a Life,Best Day Of My Life,0.15
5imShWWzwqfAJ9gXFpGAQh,1JOxCh2Aa08z8cNJQJhWBJ,Waiting On the World to Change,Fill My Little World,0.18
5imShWWzwqfAJ9gXFpGAQh,4UPcXTh26ilb7owtuyHqNI,Waiting On the World to Change,Keep Holding On,0.09
5imShWWzwqfAJ9gXFpGAQh,4AFwnrH5atiJoAd5xS5QtR,Waiting On the World to Change,The Man Who Can't Be Moved,0.07
5imShWWzwqfAJ9gXFpGAQh,5XRHGXut00SrJUFmcn2lQF,Waiting On the World to Change,All The Right Moves,0.06
5imShWWzwqfAJ9gXFpGAQh,09ZcYBGFX16X8GMDrvqQwt,Waiting On the World to Change,For the First Time,0.1
5imShWWzwqfAJ9gXFpGAQh,2a3U3GTCvrcma7wetBtOpi,Waiting On the World to Change,The Flood,0.1
5imShWWzwqfAJ9gXFpGAQh,3zNNXjjjeLrzIXSJZKalDi,Waiting On the World to Change,I Follow Rivers - The Magician Remix,0.06
5imShWWzwqfAJ9gXFpGAQh,0PgNhIg5n0UAOBVn43b8b6,Waiting On the World to Change,The Adventures of Rain Dance Maggie,0.05
5imShWWzwqfAJ9gXFpGAQh,2NniAhAtkRACaMeYt48xlD,Waiting On the World to Change,50 Ways to Say Goodbye,0.08
5imShWWzwqfAJ9gXFpGAQh,0qwcGscxUHGZTgq0zcaqk1,Waiting On the World to Change,Here's to Never Growing Up,0.08
5imShWWzwqfAJ9gXFpGAQh,3uwnnTQcHM1rDqSfA4gQNz,Waiting On the World to Change,Cool for the Summer,0.08
5imShWWzwqfAJ9gXFpGAQh,5Ohxk2dO5COHF1krpoPigN,Waiting On the World to Change,Sign of the Times,0.03
5imShWWzwqfAJ9gXFpGAQh,4ylWMuGbMXNDgDd8lErEle,Waiting On the World to Change,The Greatest Show,0.06
5imShWWzwqfAJ9gXFpGAQh,2pn8dNVSpYnAtlKFC8Q0DJ,Waiting On the World to Change,On The Ground,0.21
5imShWWzwqfAJ9gXFpGAQh,1r9xUipOqoNwggBpENDsvJ,Waiting On the World to Change,Enemy (with JID) - from the series Arcane League of Legends,0.05
5imShWWzwqfAJ9gXFpGAQh,1Iq8oo9XkmmvCQiGOfORiz,Waiting On the World to Change,Is It Over Now? (Taylor's Version) (From The Vault),0.05
5imShWWzwqfAJ9gXFpGAQh,3RiPr603aXAoi4GHyXx0uy,Waiting On the World to Change,Hymn for the Weekend,0.11
2hns6Dv29Yrg68AVTJiAyA,4AFwnrH5atiJoAd5xS5QtR,Who Knew - Edit,The Man Who Can't Be Moved,0.11
2hns6Dv29Yrg68AVTJiAyA,3zNNXjjjeLrzIXSJZKalDi,Who Knew - Edit,I Follow Rivers - The Magician Remix,0.06
2hns6Dv29Yrg68AVTJiAyA,6FB3v4YcR57y4tXFcdxI1E,Who Knew - Edit,I Knew You Were Trouble.,0.12
2hns6Dv29Yrg68AVTJiAyA,70eDxAyAraNTiD6lx2ZEnH,Who Knew - Edit,Ex's & Oh's,0.11
2hns6Dv29Yrg68AVTJiAyA,4ggiDYAkJ7Yk8d5xOr7Xjo,Who Knew - Edit,Me Niego (feat. Ozuna & Wisin),0.05
2hns6Dv29Yrg68AVTJiAyA,1r9xUipOqoNwggBpENDsvJ,Who Knew - Edit,Enemy (with JID) - from the series Arcane League of Legends,0.04
1N62wozuHCvczCkY4QidpP,1JOxCh2Aa08z8cNJQJhWBJ,Over My Head (Cable Car),Fill My Little World,0.11
1N62wozuHCvczCkY4QidpP,4Dm32oO01YpIubCHaAtKkN,Over My Head (Cable Car),My Life Would Suck Without You,0.08
1N62wozuHCvczCkY4QidpP,5BoIP8Eha5hwmRVURkC2Us,Over My Head (Cable Car),In My Head,0.34
1N62wozuHCvczCkY4QidpP,5Hroj5K7vLpIG4FNCRIjbP,Over My Head (Cable Car),Best Day Of My Life,0.1
1N62wozuHCvczCkY4QidpP,2Bs4jQEGMycglOfWPBqrVG,Over My Head (Cable Car),Steal My Girl,0.16
1N62wozuHCvczCkY4QidpP,2QZ7WLBE8h2y1Y5Fb8RYbH,Over My Head (Cable Car),In My Blood,0.14
1N62wozuHCvczCkY4QidpP,3FeVmId7tL5YN8B7R3imoM,Over My Head (Cable Car),My Universe,0.16
1N62wozuHCvczCkY4QidpP,1Iq8oo9XkmmvCQiGOfORiz,Over My Head (Cable Car),Is It Over Now? (Taylor's Version) (From The Vault),0.14
13pyGLYmBjYgvOMIEivX2K,005lwxGU1tms6HGELIcUv9,I Don't Feel Like Dancin',I Kissed A Girl,0.13
13pyGLYmBjYgvOMIEivX2K,1HfxPaJggVwFsvOtHbVzMz,I Don't Feel Like Dancin',Live Like We're Dying,0.16
13pyGLYmBjYgvOMIEivX2K,3zNNXjjjeLrzIXSJZKalDi,I Don't Feel Like Dancin',I Follow Rivers - The Magician Remix,0.09
13pyGLYmBjYgvOMIEivX2K,2TUzU4IkfH8kcvY2MUlsd2,I Don't Feel Like Dancin',I Won't Let You Go,0.11
13pyGLYmBjYgvOMIEivX2K,6FB3v4YcR57y4tXFcdxI1E,I Don't Feel Like Dancin',I Knew You Were Trouble.,0.1
13pyGLYmBjYgvOMIEivX2K,6LsAAHotRLMOHfCsSfYCsz,I Don't Feel Like Dancin',If I Can't Have You,0.13
13pyGLYmBjYgvOMIEivX2K,0e8nrvls4Qqv5Rfa2UhqmO,I Don't Feel Like Dancin',THATS WHAT I WANT,0.16
13pyGLYmBjYgvOMIEivX2K,4bPQs0PHn4xbipzdPfn6du,I Don't Feel Like Dancin',I Write Sins Not Tragedies,0.08
28euH5Ny1JXxZAt2KjWp62,1lHXlGlve5Zx8tXLhyjDwM,You Give Me Something,Makes Me Wonder,0.21
28euH5Ny1JXxZAt2KjWp62,1GEBsLDvJGw7kviySRI6GX,You Give Me Something,You Belong With Me,0.29
28euH5Ny1JXxZAt2KjWp62,5gb9UJkh8TfrNMRYOJNbew,You Give Me Something,Gives You Hell,0.14
28euH5Ny1JXxZAt2KjWp62,4Dm32oO01YpIubCHaAtKkN,You Give Me Something,My Life Would Suck Without You,0.11
28euH5Ny1JXxZAt2KjWp62,2rDwdvBma1O1eLzo29p2cr,You Give Me Something,Whataya Want from Me,0.14
28euH5Ny1JXxZAt2KjWp62,2TUzU4IkfH8kcvY2MUlsd2,You Give Me Something,I Won't Let You Go,0.08
28euH5Ny1JXxZAt2KjWp62,4cluDES4hQEUhmXj6TXkSo,You Give Me Something,What Makes You Beautiful,0.1
28euH5Ny1JXxZAt2KjWp62,6FB3v4YcR57y4tXFcdxI1E,You Give Me Something,I Knew You Were Trouble.,0.07
28euH5Ny1JXxZAt2KjWp62,4k80K0b6KZ2QjAYkXON7q6,You Give Me Something,Blow Me (One Last Kiss),0.15
28euH5Ny1JXxZAt2KjWp62,1yjY7rpaAQvKwpdUliHx0d,You Give Me Something,Still into You,0.15
28euH5Ny1JXxZAt2KjWp62,2K87XMYnUMqLcX3zvtAF4G,You Give Me Something,Drag Me Down,0.2
28euH5Ny1JXxZAt2KjWp62,7JJmb5XwzOO8jgpou264Ml,You Give Me Something,There's Nothing Holdin' Me Back,0.16
28euH5Ny1JXxZAt2KjWp62,4ggiDYAkJ7Yk8d5xOr7Xjo,You Give Me Something,Me Niego (feat. Ozuna & Wisin),0.17
28euH5Ny1JXxZAt2KjWp62,6LsAAHotRLMOHfCsSfYCsz,You Give Me Something,If I Can't Have You,0.09
28euH5Ny1JXxZAt2KjWp62,3jjujdWJ72nww5eGnfs2E7,You Give Me Something,Adore You,0.17
28euH5Ny1JXxZAt2KjWp62,4POHzEwNTCYaIvqCUp3NnO,You Give Me Something,Old Me,0.2
1JOxCh2Aa08z8cNJQJhWBJ,4Dm32oO01YpIubCHaAtKkN,Fill My Little World,My Life Would Suck Without You,0.07
1JOxCh2Aa08z8cNJQJhWBJ,5BoIP8Eha5hwmRVURkC2Us,Fill My Little World,In My Head,0.12
1JOxCh2Aa08z8cNJQJhWBJ,5Hroj5K7vLpIG4FNCRIjbP,Fill My Little World,Best Day Of My Life,0.1
1JOxCh2Aa08z8cNJQJhWBJ,2Bs4jQEGMycglOfWPBqrVG,Fill My Little World,Steal My Girl,0.14
1JOxCh2Aa08z8cNJQJhWBJ,2QZ7WLBE8h2y1Y5Fb8RYbH,Fill My Little World,In My Blood,0.1
1JOxCh2Aa08z8cNJQJhWBJ,3FeVmId7tL5YN8B7R3imoM,Fill My Little World,My Universe,0.14
54JKnDB3CzVu8wNAOM27BI,56sxN1yKg1dgOZXBcAHkJG,When You're Gone,"Gone, Gone, Gone",0.21
54JKnDB3CzVu8wNAOM27BI,0U1W2LZVUX7qTm7dDpqxh6,When You're Gone,When You're Gone,1.0
0wG4gampO24nC7VKm5pxjg,0JiY190vktuhSGN6aqJdrt,She's So Lovely,So What,0.31
0wG4gampO24nC7VKm5pxjg,1gugDOSMREb34Xo0c1PlxM,She's So Lovely,She Looks So Perfect,0.14
4UPcXTh26ilb7owtuyHqNI,2pn8dNVSpYnAtlKFC8Q0DJ,Keep Holding On,On The Ground,0.14
1lHXlGlve5Zx8tXLhyjDwM,1GEBsLDvJGw7kviySRI6GX,Makes Me Wonder,You Belong With Me,0.21
1lHXlGlve5Zx8tXLhyjDwM,2rDwdvBma1O1eLzo29p2cr,Makes Me Wonder,Whataya Want from Me,0.18
1lHXlGlve5Zx8tXLhyjDwM,4cluDES4hQEUhmXj6TXkSo,Makes Me Wonder,What Makes You Beautiful,0.16
1lHXlGlve5Zx8tXLhyjDwM,4k80K0b6KZ2QjAYkXON7q6,Makes Me Wonder,Blow Me (One Last Kiss),0.17
1lHXlGlve5Zx8tXLhyjDwM,2K87XMYnUMqLcX3zvtAF4G,Makes Me Wonder,Drag Me Down,0.27
1lHXlGlve5Zx8tXLhyjDwM,7JJmb5XwzOO8jgpou264Ml,Makes Me Wonder,There's Nothing Holdin' Me Back,0.17
1lHXlGlve5Zx8tXLhyjDwM,4ggiDYAkJ7Yk8d5xOr7Xjo,Makes Me Wonder,Me Niego (feat. Ozuna & Wisin),0.16
1lHXlGlve5Zx8tXLhyjDwM,4POHzEwNTCYaIvqCUp3NnO,Makes Me Wonder,Old Me,0.28
005lwxGU1tms6HGELIcUv9,3zNNXjjjeLrzIXSJZKalDi,I Kissed A Girl,I Follow Rivers - The Magician Remix,0.14
005lwxGU1tms6HGELIcUv9,2TUzU4IkfH8kcvY2MUlsd2,I Kissed A Girl,I Won't Let You Go,0.15
005lwxGU1tms6HGELIcUv9,6FB3v4YcR57y4tXFcdxI1E,I Kissed A Girl,I Knew You Were Trouble.,0.16
005lwxGU1tms6HGELIcUv9,2Bs4jQEGMycglOfWPBqrVG,I Kissed A Girl,Steal My Girl,0.12
005lwxGU1tms6HGELIcUv9,6LsAAHotRLMOHfCsSfYCsz,I Kissed A Girl,If I Can't Have You,0.16
005lwxGU1tms6HGELIcUv9,0e8nrvls4Qqv5Rfa2UhqmO,I Kissed A Girl,THATS WHAT I WANT,0.17
005lwxGU1tms6HGELIcUv9,4bPQs0PHn4xbipzdPfn6du,I Kissed A Girl,I Write Sins Not Tragedies,0.12
0JiY190vktuhSGN6aqJdrt,4cluDES4hQEUhmXj6TXkSo,So What,What Makes You Beautiful,0.17
0JiY190vktuhSGN6aqJdrt,1gugDOSMREb34Xo0c1PlxM,So What,She Looks So Perfect,0.19
0JiY190vktuhSGN6aqJdrt,0e8nrvls4Qqv5Rfa2UhqmO,So What,THATS WHAT I WANT,0.16
5VGlqQANWDKJFl0MBG3sg2,06T10fEzN8ZCcqzQZYA184,Use Somebody,Gotta Be Somebody,0.19
2VEsmoek0sol9MnJFyoG9e,0qwcGscxUHGZTgq0zcaqk1,Burnin' Up,Here's to Never Growing Up,0.22
2VEsmoek0sol9MnJFyoG9e,4kbj5MwxO1bq9wjT5g9HaA,Burnin' Up,Shut Up and Dance,0.21
4AFwnrH5atiJoAd5xS5QtR,5XRHGXut00SrJUFmcn2lQF,The Man Who Can't Be Moved,All The Right Moves,0.09
4AFwnrH5atiJoAd5xS5QtR,06T10fEzN8ZCcqzQZYA184,The Man Who Can't Be Moved,Gotta Be Somebody,0.21
4AFwnrH5atiJoAd5xS5QtR,09ZcYBGFX16X8GMDrvqQwt,The Man Who Can't Be Moved,For the First Time,0.13
4AFwnrH5atiJoAd5xS5QtR,2a3U3GTCvrcma7wetBtOpi,The Man Who Can't Be Moved,The Flood,0.13
4AFwnrH5atiJoAd5xS5QtR,3zNNXjjjeLrzIXSJZKalDi,The Man Who Can't Be Moved,I Follow Rivers - The Magician Remix,0.09
4AFwnrH5atiJoAd5xS5QtR,0PgNhIg5n0UAOBVn43b8b6,The Man Who Can't Be Moved,The Adventures of Rain Dance Maggie,0.08
4AFwnrH5atiJoAd5xS5QtR,3uwnnTQcHM1rDqSfA4gQNz,The Man Who Can't Be Moved,Cool for the Summer,0.12
4AFwnrH5atiJoAd5xS5QtR,5Ohxk2dO5COHF1krpoPigN,The Man Who Can't Be Moved,Sign of the Times,0.06
4AFwnrH5atiJoAd5xS5QtR,4ylWMuGbMXNDgDd8lErEle,The Man Who Can't Be Moved,The Greatest Show,0.11
4AFwnrH5atiJoAd5xS5QtR,6LsAAHotRLMOHfCsSfYCsz,The Man Who Can't Be Moved,If I Can't Have You,0.05
4AFwnrH5atiJoAd5xS5QtR,2pn8dNVSpYnAtlKFC8Q0DJ,The Man Who Can't Be Moved,On The Ground,0.1
4AFwnrH5atiJoAd5xS5QtR,1r9xUipOqoNwggBpENDsvJ,The Man Who Can't Be Moved,Enemy (with JID) - from the series Arcane League of Legends,0.04
4AFwnrH5atiJoAd5xS5QtR,1Iq8oo9XkmmvCQiGOfORiz,The Man Who Can't Be Moved,Is It Over Now? (Taylor's Version) (From The Vault),0.06
4AFwnrH5atiJoAd5xS5QtR,3RiPr603aXAoi4GHyXx0uy,The Man Who Can't Be Moved,Hymn for the Weekend,0.13
1GEBsLDvJGw7kviySRI6GX,5gb9UJkh8TfrNMRYOJNbew,You Belong With Me,Gives You Hell,0.16
1GEBsLDvJGw7kviySRI6GX,4Dm32oO01YpIubCHaAtKkN,You Belong With Me,My Life Would Suck Without You,0.11
1GEBsLDvJGw7kviySRI6GX,2rDwdvBma1O1eLzo29p2cr,You Belong With Me,Whataya Want from Me,0.13
1GEBsLDvJGw7kviySRI6GX,2TUzU4IkfH8kcvY2MUlsd2,You Belong With Me,I Won't Let You Go,0.1
1GEBsLDvJGw7kviySRI6GX,4cluDES4hQEUhmXj6TXkSo,You Belong With Me,What Makes You Beautiful,0.09
1GEBsLDvJGw7kviySRI6GX,6FB3v4YcR57y4tXFcdxI1E,You Belong With Me,I Knew You Were Trouble.,0.09
1GEBsLDvJGw7kviySRI6GX,4k80K0b6KZ2QjAYkXON7q6,You Belong With Me,Blow Me (One Last Kiss),0.12
1GEBsLDvJGw7kviySRI6GX,1yjY7rpaAQvKwpdUliHx0d,You Belong With Me,Still into You,0.17
1GEBsLDvJGw7kviySRI6GX,2K87XMYnUMqLcX3zvtAF4G,You Belong With Me,Drag Me Down,0.23
1GEBsLDvJGw7kviySRI6GX,7JJmb5XwzOO8jgpou264Ml,You Belong With Me,There's Nothing Holdin' Me Back,0.13
1GEBsLDvJGw7kviySRI6GX,4ggiDYAkJ7Yk8d5xOr7Xjo,You Belong With Me,Me Niego (feat. Ozuna & Wisin),0.13
1GEBsLDvJGw7kviySRI6GX,6LsAAHotRLMOHfCsSfYCsz,You Belong With Me,If I Can't Have You,0.11
1GEBsLDvJGw7kviySRI6GX,3jjujdWJ72nww5eGnfs2E7,You Belong With Me,Adore You,0.19
1GEBsLDvJGw7kviySRI6GX,4POHzEwNTCYaIvqCUp3NnO,You Belong With Me,Old Me,0.21
1GEBsLDvJGw7kviySRI6GX,5HCyWlXZPP0y6Gqq8TgA20,You Belong With Me,STAY (with Justin Bieber),0.16
1GEBsLDvJGw7kviySRI6GX,1r9xUipOqoNwggBpENDsvJ,You Belong With Me,Enemy (with JID) - from the series Arcane League of Legends,0.1
1GEBsLDvJGw7kviySRI6GX,5PjdY0CKGZdEuoNab3yDmX,You Belong With Me,STAY (with Justin Bieber),0.16
5gb9UJkh8TfrNMRYOJNbew,4Dm32oO01YpIubCHaAtKkN,Gives You Hell,My Life Would Suck Without You,0.16
5gb9UJkh8TfrNMRYOJNbew,2TUzU4IkfH8kcvY2MUlsd2,Gives You Hell,I Won't Let You Go,0.15
5gb9UJkh8TfrNMRYOJNbew,4cluDES4hQEUhmXj6TXkSo,Gives You Hell,What Makes You Beautiful,0.2
5gb9UJkh8TfrNMRYOJNbew,6FB3v4YcR57y4tXFcdxI1E,Gives You Hell,I Knew You Were Trouble.,0.16
5gb9UJkh8TfrNMRYOJNbew,1yjY7rpaAQvKwpdUliHx0d,Gives You Hell,Still into You,0.29
5gb9UJkh8TfrNMRYOJNbew,6LsAAHotRLMOHfCsSfYCsz,Gives You Hell,If I Can't Have You,0.16
5gb9UJkh8TfrNMRYOJNbew,3jjujdWJ72nww5eGnfs2E7,Gives You Hell,Adore You,0.31
57uX2vR9j9DNiANDYfXw1i,2NniAhAtkRACaMeYt48xlD,Never Say Never,50 Ways to Say Goodbye,0.13
57uX2vR9j9DNiANDYfXw1i,0qwcGscxUHGZTgq0zcaqk1,Never Say Never,Here's to Never Growing Up,0.12
57uX2vR9j9DNiANDYfXw1i,0VwNdo84DaVYLIkbVO86ND,Never Say Never,We Are Never Ever Getting Back Together,0.04
4Dm32oO01YpIubCHaAtKkN,5BoIP8Eha5hwmRVURkC2Us,My Life Would Suck Without You,In My Head,0.12
4Dm32oO01YpIubCHaAtKkN,6OtCIsQZ64Vs1EbzztvAv4,My Life Would Suck Without You,Good Life,0.18
4Dm32oO01YpIubCHaAtKkN,2TUzU4IkfH8kcvY2MUlsd2,My Life Would Suck Without You,I Won't Let You Go,0.1
4Dm32oO01YpIubCHaAtKkN,4cluDES4hQEUhmXj6TXkSo,My Life Would Suck Without You,What Makes You Beautiful,0.12
4Dm32oO01YpIubCHaAtKkN,6FB3v4YcR57y4tXFcdxI1E,My Life Would Suck Without You,I Knew You Were Trouble.,0.11
4Dm32oO01YpIubCHaAtKkN,1yjY7rpaAQvKwpdUliHx0d,My Life Would Suck Without You,Still into You,0.14
4Dm32oO01YpIubCHaAtKkN,5Hroj5K7vLpIG4FNCRIjbP,My Life Would Suck Without You,Best Day Of My Life,0.28
4Dm32oO01YpIubCHaAtKkN,2Bs4jQEGMycglOfWPBqrVG,My Life Would Suck Without You,Steal My Girl,0.12
4Dm32oO01YpIubCHaAtKkN,2QZ7WLBE8h2y1Y5Fb8RYbH,My Life Would Suck Without You,In My Blood,0.12
4Dm32oO01YpIubCHaAtKkN,6LsAAHotRLMOHfCsSfYCsz,My Life Would Suck Without You,If I Can't Have You,0.1
4Dm32oO01YpIubCHaAtKkN,3jjujdWJ72nww5eGnfs2E7,My Life Would Suck Without You,Adore You,0.19
4Dm32oO01YpIubCHaAtKkN,3FeVmId7tL5YN8B7R3imoM,My Life Would Suck Without You,My Universe,0.13
5XRHGXut00SrJUFmcn2lQF,09ZcYBGFX16X8GMDrvqQwt,All The Right Moves,For the First Time,0.13
5XRHGXut00SrJUFmcn2lQF,2a3U3GTCvrcma7wetBtOpi,All The Right Moves,The Flood,0.14
5XRHGXut00SrJUFmcn2lQF,3zNNXjjjeLrzIXSJZKalDi,All The Right Moves,I Follow Rivers - The Magician Remix,0.09
5XRHGXut00SrJUFmcn2lQF,0PgNhIg5n0UAOBVn43b8b6,All The Right Moves,The Adventures of Rain Dance Maggie,0.08
5XRHGXut00SrJUFmcn2lQF,3uwnnTQcHM1rDqSfA4gQNz,All The Right Moves,Cool for the Summer,0.11
5XRHGXut00SrJUFmcn2lQF,5Ohxk2dO5COHF1krpoPigN,All The Right Moves,Sign of the Times,0.09
5XRHGXut00SrJUFmcn2lQF,4ylWMuGbMXNDgDd8lErEle,All The Right Moves,The Greatest Show,0.11
5XRHGXut00SrJUFmcn2lQF,2pn8dNVSpYnAtlKFC8Q0DJ,All The Right Moves,On The Ground,0.11
5XRHGXut00SrJUFmcn2lQF,1r9xUipOqoNwggBpENDsvJ,All The Right Moves,Enemy (with JID) - from the series Arcane League of Legends,0.04
5XRHGXut00SrJUFmcn2lQF,2i8f4VnnBjy0yDqH2C452a,All The Right Moves,bad idea right?,0.17
5XRHGXut00SrJUFmcn2lQF,1Iq8oo9XkmmvCQiGOfORiz,All The Right Moves,Is It Over Now? (Taylor's Version) (From The Vault),0.06
5XRHGXut00SrJUFmcn2lQF,3RiPr603aXAoi4GHyXx0uy,All The Right Moves,Hymn for the Weekend,0.11
6TrNRd98WksT9Kkmx9uj6R,2TUzU4IkfH8kcvY2MUlsd2,Let It Rock,I Won't Let You Go,0.13
6TrNRd98WksT9Kkmx9uj6R,2A73XBDBQgmdXO8VsXPWIs,Let It Rock,Rumour Has It,0.23
6TrNRd98WksT9Kkmx9uj6R,1j8z4TTjJ1YOdoFEDwJTQa,Let It Rock,Ain't It Fun,0.27
6TrNRd98WksT9Kkmx9uj6R,4LRPiXqCikLlN15c3yImP7,Let It Rock,As It Was,0.25
6TrNRd98WksT9Kkmx9uj6R,1Iq8oo9XkmmvCQiGOfORiz,Let It Rock,Is It Over Now? (Taylor's Version) (From The Vault),0.13
6TrNRd98WksT9Kkmx9uj6R,4Dvkj6JhhA12EX05fT7y2e,Let It Rock,As It Was,0.25
1MaqkdFNIKPdpQGDzme5ss,7kMfu3KUydmrFVGEAhjtyl,Two Is Better Than One (feat. Taylor Swift),Good Girls Go Bad (feat. Leighton Meester),0.07
1MaqkdFNIKPdpQGDzme5ss,4XNrMwGx1SqP01sqkGTDmo,Two Is Better Than One (feat. Taylor Swift),One More Night,0.14
1MaqkdFNIKPdpQGDzme5ss,4k80K0b6KZ2QjAYkXON7q6,Two Is Better Than One (feat. Taylor Swift),Blow Me (One Last Kiss),0.1
1MaqkdFNIKPdpQGDzme5ss,4ggiDYAkJ7Yk8d5xOr7Xjo,Two Is Better Than One (feat. Taylor Swift),Me Niego (feat. Ozuna & Wisin),0.05
1MaqkdFNIKPdpQGDzme5ss,6fRxMU4LWwyaSSowV441IU,Two Is Better Than One (feat. Taylor Swift),Beautiful Mistakes (feat. Megan Thee Stallion),0.06
1MaqkdFNIKPdpQGDzme5ss,1Iq8oo9XkmmvCQiGOfORiz,Two Is Better Than One (feat. Taylor Swift),Is It Over Now? (Taylor's Version) (From The Vault),0.04
1MaqkdFNIKPdpQGDzme5ss,1cS0TgbR263ey9jn0MwD2s,Two Is Better Than One (feat. Taylor Swift),River (feat. Ed Sheeran),0.1
7kMfu3KUydmrFVGEAhjtyl,6OtCIsQZ64Vs1EbzztvAv4,Good Girls Go Bad (feat. Leighton Meester),Good Life,0.16
7kMfu3KUydmrFVGEAhjtyl,2TUzU4IkfH8kcvY2MUlsd2,Good Girls Go Bad (feat. Leighton Meester),I Won't Let You Go,0.11
7kMfu3KUydmrFVGEAhjtyl,4Tt6GiWS2V9sQjZjS2xjp2,Good Girls Go Bad (feat. Leighton Meester),"Honey, I'm Good.",0.14
7kMfu3KUydmrFVGEAhjtyl,4ggiDYAkJ7Yk8d5xOr7Xjo,Good Girls Go Bad (feat. Leighton Meester),Me Niego (feat. Ozuna & Wisin),0.06
7kMfu3KUydmrFVGEAhjtyl,6PERP62TejQjgHu81OHxgM,Good Girls Go Bad (feat. Leighton Meester),good 4 u,0.15
7kMfu3KUydmrFVGEAhjtyl,6fRxMU4LWwyaSSowV441IU,Good Girls Go Bad (feat. Leighton Meester),Beautiful Mistakes (feat. Megan Thee Stallion),0.09
7kMfu3KUydmrFVGEAhjtyl,4ZtFanR9U6ndgddUvNcjcG,Good Girls Go Bad (feat. Leighton Meester),good 4 u,0.15
7kMfu3KUydmrFVGEAhjtyl,2i8f4VnnBjy0yDqH2C452a,Good Girls Go Bad (feat. Leighton Meester),bad idea right?,0.07
7kMfu3KUydmrFVGEAhjtyl,1cS0TgbR263ey9jn0MwD2s,Good Girls Go Bad (feat. Leighton Meester),River (feat. Ed Sheeran),0.09
20X9OeC606XNwEtDBOym5u,3JvKfv6T31zO0ini8iNItO,Love Drunk,Another Love,0.34
20X9OeC606XNwEtDBOym5u,5BJSZocnCeSNeYMj3iVqM7,Love Drunk,Love Runs Out,0.22
09ZcYBGFX16X8GMDrvqQwt,2a3U3GTCvrcma7wetBtOpi,For the First Time,The Flood,0.23
09ZcYBGFX16X8GMDrvqQwt,3zNNXjjjeLrzIXSJZKalDi,For the First Time,I Follow Rivers - The Magician Remix,0.14
09ZcYBGFX16X8GMDrvqQwt,0PgNhIg5n0UAOBVn43b8b6,For the First Time,The Adventures of Rain Dance Maggie,0.1
09ZcYBGFX16X8GMDrvqQwt,3uwnnTQcHM1rDqSfA4gQNz,For the First Time,Cool for the Summer,0.26
09ZcYBGFX16X8GMDrvqQwt,5Ohxk2dO5COHF1krpoPigN,For the First Time,Sign of the Times,0.09
09ZcYBGFX16X8GMDrvqQwt,4ylWMuGbMXNDgDd8lErEle,For the First Time,The Greatest Show,0.17
09ZcYBGFX16X8GMDrvqQwt,2pn8dNVSpYnAtlKFC8Q0DJ,For the First Time,On The Ground,0.18
09ZcYBGFX16X8GMDrvqQwt,1r9xUipOqoNwggBpENDsvJ,For the First Time,Enemy (with JID) - from the series Arcane League of Legends,0.06
09ZcYBGFX16X8GMDrvqQwt,1Iq8oo9XkmmvCQiGOfORiz,For the First Time,Is It Over Now? (Taylor's Version) (From The Vault),0.08
09ZcYBGFX16X8GMDrvqQwt,3RiPr603aXAoi4GHyXx0uy,For the First Time,Hymn for the Weekend,0.33
5BoIP8Eha5hwmRVURkC2Us,5Hroj5K7vLpIG4FNCRIjbP,In My Head,Best Day Of My Life,0.13
5BoIP8Eha5hwmRVURkC2Us,2Bs4jQEGMycglOfWPBqrVG,In My Head,Steal My Girl,0.22
5BoIP8Eha5hwmRVURkC2Us,2QZ7WLBE8h2y1Y5Fb8RYbH,In My Head,In My Blood,0.47
5BoIP8Eha5hwmRVURkC2Us,3FeVmId7tL5YN8B7R3imoM,In My Head,My Universe,0.28
2rDwdvBma1O1eLzo29p2cr,4k80K0b6KZ2QjAYkXON7q6,Whataya Want from Me,Blow Me (One Last Kiss),0.11
2rDwdvBma1O1eLzo29p2cr,2K87XMYnUMqLcX3zvtAF4G,Whataya Want from Me,Drag Me Down,0.17
2rDwdvBma1O1eLzo29p2cr,7JJmb5XwzOO8jgpou264Ml,Whataya Want from Me,There's Nothing Holdin' Me Back,0.13
2rDwdvBma1O1eLzo29p2cr,4ggiDYAkJ7Yk8d5xOr7Xjo,Whataya Want from Me,Me Niego (feat. Ozuna & Wisin),0.11
2rDwdvBma1O1eLzo29p2cr,4POHzEwNTCYaIvqCUp3NnO,Whataya Want from Me,Old Me,0.18
2rDwdvBma1O1eLzo29p2cr,0e8nrvls4Qqv5Rfa2UhqmO,Whataya Want from Me,THATS WHAT I WANT,0.15
2rDwdvBma1O1eLzo29p2cr,1r9xUipOqoNwggBpENDsvJ,Whataya Want from Me,Enemy (with JID) - from the series Arcane League of Legends,0.04
2rDwdvBma1O1eLzo29p2cr,1Iq8oo9XkmmvCQiGOfORiz,Whataya Want from Me,Is It Over Now? (Taylor's Version) (From The Vault),0.08
2a3U3GTCvrcma7wetBtOpi,3zNNXjjjeLrzIXSJZKalDi,The Flood,I Follow Rivers - The Magician Remix,0.15
2a3U3GTCvrcma7wetBtOpi,0PgNhIg5n0UAOBVn43b8b6,The Flood,The Adventures of Rain Dance Maggie,0.1
2a3U3GTCvrcma7wetBtOpi,3uwnnTQcHM1rDqSfA4gQNz,The Flood,Cool for the Summer,0.19
2a3U3GTCvrcma7wetBtOpi,5Ohxk2dO5COHF1krpoPigN,The Flood,Sign of the Times,0.12
2a3U3GTCvrcma7wetBtOpi,4ylWMuGbMXNDgDd8lErEle,The Flood,The Greatest Show,0.19
2a3U3GTCvrcma7wetBtOpi,2pn8dNVSpYnAtlKFC8Q0DJ,The Flood,On The Ground,0.24
2a3U3GTCvrcma7wetBtOpi,1r9xUipOqoNwggBpENDsvJ,The Flood,Enemy (with JID) - from the series Arcane League of Legends,0.06
2a3U3GTCvrcma7wetBtOpi,1Iq8oo9XkmmvCQiGOfORiz,The Flood,Is It Over Now? (Taylor's Version) (From The Vault),0.07
2a3U3GTCvrcma7wetBtOpi,3RiPr603aXAoi4GHyXx0uy,The Flood,Hymn for the Weekend,0.2
1HfxPaJggVwFsvOtHbVzMz,6FB3v4YcR57y4tXFcdxI1E,Live Like We're Dying,I Knew You Were Trouble.,0.09
6OtCIsQZ64Vs1EbzztvAv4,5Hroj5K7vLpIG4FNCRIjbP,Good Life,Best Day Of My Life,0.18
6OtCIsQZ64Vs1EbzztvAv4,4Tt6GiWS2V9sQjZjS2xjp2,Good Life,"Honey, I'm Good.",0.3
6OtCIsQZ64Vs1EbzztvAv4,6PERP62TejQjgHu81OHxgM,Good Life,good 4 u,0.3
6OtCIsQZ64Vs1EbzztvAv4,4ZtFanR9U6ndgddUvNcjcG,Good Life,good 4 u,0.3
3zNNXjjjeLrzIXSJZKalDi,2TUzU4IkfH8kcvY2MUlsd2,I Follow Rivers - The Magician Remix,I Won't Let You Go,0.14
3zNNXjjjeLrzIXSJZKalDi,0PgNhIg5n0UAOBVn43b8b6,I Follow Rivers - The Magician Remix,The Adventures of Rain Dance Maggie,0.08
3zNNXjjjeLrzIXSJZKalDi,6FB3v4YcR57y4tXFcdxI1E,I Follow Rivers - The Magician Remix,I Knew You Were Trouble.,0.13
3zNNXjjjeLrzIXSJZKalDi,3uwnnTQcHM1rDqSfA4gQNz,I Follow Rivers - The Magician Remix,Cool for the Summer,0.11
3zNNXjjjeLrzIXSJZKalDi,70eDxAyAraNTiD6lx2ZEnH,I Follow Rivers - The Magician Remix,Ex's & Oh's,0.03
3zNNXjjjeLrzIXSJZKalDi,5Ohxk2dO5COHF1krpoPigN,I Follow Rivers - The Magician Remix,Sign of the Times,0.07
3zNNXjjjeLrzIXSJZKalDi,4ggiDYAkJ7Yk8d5xOr7Xjo,I Follow Rivers - The Magician Remix,Me Niego (feat. Ozuna & Wisin),0.02
3zNNXjjjeLrzIXSJZKalDi,4ylWMuGbMXNDgDd8lErEle,I Follow Rivers - The Magician Remix,The Greatest Show,0.11
3zNNXjjjeLrzIXSJZKalDi,6LsAAHotRLMOHfCsSfYCsz,I Follow Rivers - The Magician Remix,If I Can't Have You,0.16
3zNNXjjjeLrzIXSJZKalDi,2pn8dNVSpYnAtlKFC8Q0DJ,I Follow Rivers - The Magician Remix,On The Ground,0.12
3zNNXjjjeLrzIXSJZKalDi,0e8nrvls4Qqv5Rfa2UhqmO,I Follow Rivers - The Magician Remix,THATS WHAT I WANT,0.17
3zNNXjjjeLrzIXSJZKalDi,1r9xUipOqoNwggBpENDsvJ,I Follow Rivers - The Magician Remix,Enemy (with JID) - from the series Arcane League of Legends,0.08
3zNNXjjjeLrzIXSJZKalDi,1Iq8oo9XkmmvCQiGOfORiz,I Follow Rivers - The Magician Remix,Is It Over Now? (Taylor's Version) (From The Vault),0.05
3zNNXjjjeLrzIXSJZKalDi,4bPQs0PHn4xbipzdPfn6du,I Follow Rivers - The Magician Remix,I Write Sins Not Tragedies,0.12
3zNNXjjjeLrzIXSJZKalDi,3RiPr603aXAoi4GHyXx0uy,I Follow Rivers - The Magician Remix,Hymn for the Weekend,0.11
2TUzU4IkfH8kcvY2MUlsd2,4cluDES4hQEUhmXj6TXkSo,I Won't Let You Go,What Makes You Beautiful,0.12
2TUzU4IkfH8kcvY2MUlsd2,6FB3v4YcR57y4tXFcdxI1E,I Won't Let You Go,I Knew You Were Trouble.,0.3
2TUzU4IkfH8kcvY2MUlsd2,1yjY7rpaAQvKwpdUliHx0d,I Won't Let You Go,Still into You,0.17
2TUzU4IkfH8kcvY2MUlsd2,6LsAAHotRLMOHfCsSfYCsz,I Won't Let You Go,If I Can't Have You,0.32
2TUzU4IkfH8kcvY2MUlsd2,3jjujdWJ72nww5eGnfs2E7,I Won't Let You Go,Adore You,0.18
2TUzU4IkfH8kcvY2MUlsd2,0e8nrvls4Qqv5Rfa2UhqmO,I Won't Let You Go,THATS WHAT I WANT,0.16
2TUzU4IkfH8kcvY2MUlsd2,4bPQs0PHn4xbipzdPfn6du,I Won't Let You Go,I Write Sins Not Tragedies,0.11
0PgNhIg5n0UAOBVn43b8b6,3w3y8KPTfNeOKPiqUTakBh,The Adventures of Rain Dance Maggie,Locked out of Heaven,0.1
0PgNhIg5n0UAOBVn43b8b6,5Hroj5K7vLpIG4FNCRIjbP,The Adventures of Rain Dance Maggie,Best Day Of My Life,0.11
0PgNhIg5n0UAOBVn43b8b6,4kbj5MwxO1bq9wjT5g9HaA,The Adventures of Rain Dance Maggie,Shut Up and Dance,0.11
0PgNhIg5n0UAOBVn43b8b6,3uwnnTQcHM1rDqSfA4gQNz,The Adventures of Rain Dance Maggie,Cool for the Summer,0.09
0PgNhIg5n0UAOBVn43b8b6,5Ohxk2dO5COHF1krpoPigN,The Adventures of Rain Dance Maggie,Sign of the Times,0.24
0PgNhIg5n0UAOBVn43b8b6,4ylWMuGbMXNDgDd8lErEle,The Adventures of Rain Dance Maggie,The Greatest Show,0.07
0PgNhIg5n0UAOBVn43b8b6,2pn8dNVSpYnAtlKFC8Q0DJ,The Adventures of Rain Dance Maggie,On The Ground,0.08
0PgNhIg5n0UAOBVn43b8b6,1r9xUipOqoNwggBpENDsvJ,The Adventures of Rain Dance Maggie,Enemy (with JID) - from the series Arcane League of Legends,0.13
0PgNhIg5n0UAOBVn43b8b6,1Iq8oo9XkmmvCQiGOfORiz,The Adventures of Rain Dance Maggie,Is It Over Now? (Taylor's Version) (From The Vault),0.04
0PgNhIg5n0UAOBVn43b8b6,3RiPr603aXAoi4GHyXx0uy,The Adventures of Rain Dance Maggie,Hymn for the Weekend,0.11
0PgNhIg5n0UAOBVn43b8b6,6xZ4Q2k2ompmDppyeESIY8,The Adventures of Rain Dance Maggie,Level of Concern,0.16
3w3y8KPTfNeOKPiqUTakBh,5Hroj5K7vLpIG4FNCRIjbP,Locked out of Heaven,Best Day Of My Life,0.13
3w3y8KPTfNeOKPiqUTakBh,5BJSZocnCeSNeYMj3iVqM7,Locked out of Heaven,Love Runs Out,0.19
3w3y8KPTfNeOKPiqUTakBh,5Ohxk2dO5COHF1krpoPigN,Locked out of Heaven,Sign of the Times,0.12
3w3y8KPTfNeOKPiqUTakBh,1r9xUipOqoNwggBpENDsvJ,Locked out of Heaven,Enemy (with JID) - from the series Arcane League of Legends,0.07
3w3y8KPTfNeOKPiqUTakBh,1yHVHoz6Ny29gbbWJYVnFt,Locked out of Heaven,Heaven,0.26
3w3y8KPTfNeOKPiqUTakBh,6xZ4Q2k2ompmDppyeESIY8,Locked out of Heaven,Level of Concern,0.17
4cluDES4hQEUhmXj6TXkSo,6FB3v4YcR57y4tXFcdxI1E,What Makes You Beautiful,I Knew You Were Trouble.,0.12
4cluDES4hQEUhmXj6TXkSo,1yjY7rpaAQvKwpdUliHx0d,What Makes You Beautiful,Still into You,0.2
4cluDES4hQEUhmXj6TXkSo,6LsAAHotRLMOHfCsSfYCsz,What Makes You Beautiful,If I Can't Have You,0.13
4cluDES4hQEUhmXj6TXkSo,3jjujdWJ72nww5eGnfs2E7,What Makes You Beautiful,Adore You,0.23
4cluDES4hQEUhmXj6TXkSo,6fRxMU4LWwyaSSowV441IU,What Makes You Beautiful,Beautiful Mistakes (feat. Megan Thee Stallion),0.08
4cluDES4hQEUhmXj6TXkSo,0e8nrvls4Qqv5Rfa2UhqmO,What Makes You Beautiful,THATS WHAT I WANT,0.17
6FB3v4YcR57y4tXFcdxI1E,1yjY7rpaAQvKwpdUliHx0d,I Knew You Were Trouble.,Still into You,0.15
6FB3v4YcR57y4tXFcdxI1E,6LsAAHotRLMOHfCsSfYCsz,I Knew You Were Trouble.,If I Can't Have You,0.29
6FB3v4YcR57y4tXFcdxI1E,3jjujdWJ72nww5eGnfs2E7,I Knew You Were Trouble.,Adore You,0.16
6FB3v4YcR57y4tXFcdxI1E,0e8nrvls4Qqv5Rfa2UhqmO,I Knew You Were Trouble.,THATS WHAT I WANT,0.16
6FB3v4YcR57y4tXFcdxI1E,4bPQs0PHn4xbipzdPfn6du,I Knew You Were Trouble.,I Write Sins Not Tragedies,0.14
56sxN1yKg1dgOZXBcAHkJG,0U1W2LZVUX7qTm7dDpqxh6,"Gone, Gone, Gone",When You're Gone,0.21
4XNrMwGx1SqP01sqkGTDmo,4k80K0b6KZ2QjAYkXON7q6,One More Night,Blow Me (One Last Kiss),0.14
2NniAhAtkRACaMeYt48xlD,0qwcGscxUHGZTgq0zcaqk1,50 Ways to Say Goodbye,Here's to Never Growing Up,0.11
4k80K0b6KZ2QjAYkXON7q6,2K87XMYnUMqLcX3zvtAF4G,Blow Me (One Last Kiss),Drag Me Down,0.15
4k80K0b6KZ2QjAYkXON7q6,7JJmb5XwzOO8jgpou264Ml,Blow Me (One Last Kiss),There's Nothing Holdin' Me Back,0.13
4k80K0b6KZ2QjAYkXON7q6,4ggiDYAkJ7Yk8d5xOr7Xjo,Blow Me (One Last Kiss),Me Niego (feat. Ozuna & Wisin),0.12
4k80K0b6KZ2QjAYkXON7q6,4POHzEwNTCYaIvqCUp3NnO,Blow Me (One Last Kiss),Old Me,0.15
2A73XBDBQgmdXO8VsXPWIs,1j8z4TTjJ1YOdoFEDwJTQa,Rumour Has It,Ain't It Fun,0.23
2A73XBDBQgmdXO8VsXPWIs,4LRPiXqCikLlN15c3yImP7,Rumour Has It,As It Was,0.17
2A73XBDBQgmdXO8VsXPWIs,1Iq8oo9XkmmvCQiGOfORiz,Rumour Has It,Is It Over Now? (Taylor's Version) (From The Vault),0.13
2A73XBDBQgmdXO8VsXPWIs,4Dvkj6JhhA12EX05fT7y2e,Rumour Has It,As It Was,0.17
3JvKfv6T31zO0ini8iNItO,5BJSZocnCeSNeYMj3iVqM7,Another Love,Love Runs Out,0.25
1yjY7rpaAQvKwpdUliHx0d,6LsAAHotRLMOHfCsSfYCsz,Still into You,If I Can't Have You,0.17
1yjY7rpaAQvKwpdUliHx0d,3jjujdWJ72nww5eGnfs2E7,Still into You,Adore You,0.3
1j8z4TTjJ1YOdoFEDwJTQa,4LRPiXqCikLlN15c3yImP7,Ain't It Fun,As It Was,0.21
1j8z4TTjJ1YOdoFEDwJTQa,1Iq8oo9XkmmvCQiGOfORiz,Ain't It Fun,Is It Over Now? (Taylor's Version) (From The Vault),0.14
1j8z4TTjJ1YOdoFEDwJTQa,4Dvkj6JhhA12EX05fT7y2e,Ain't It Fun,As It Was,0.21
0qwcGscxUHGZTgq0zcaqk1,4kbj5MwxO1bq9wjT5g9HaA,Here's to Never Growing Up,Shut Up and Dance,0.16
0qwcGscxUHGZTgq0zcaqk1,0VwNdo84DaVYLIkbVO86ND,Here's to Never Growing Up,We Are Never Ever Getting Back Together,0.02
5Hroj5K7vLpIG4FNCRIjbP,2Bs4jQEGMycglOfWPBqrVG,Best Day Of My Life,Steal My Girl,0.13
5Hroj5K7vLpIG4FNCRIjbP,5Ohxk2dO5COHF1krpoPigN,Best Day Of My Life,Sign of the Times,0.12
5Hroj5K7vLpIG4FNCRIjbP,2QZ7WLBE8h2y1Y5Fb8RYbH,Best Day Of My Life,In My Blood,0.15
5Hroj5K7vLpIG4FNCRIjbP,3FeVmId7tL5YN8B7R3imoM,Best Day Of My Life,My Universe,0.17
5Hroj5K7vLpIG4FNCRIjbP,1r9xUipOqoNwggBpENDsvJ,Best Day Of My Life,Enemy (with JID) - from the series Arcane League of Legends,0.06
5Hroj5K7vLpIG4FNCRIjbP,6xZ4Q2k2ompmDppyeESIY8,Best Day Of My Life,Level of Concern,0.14
2Bs4jQEGMycglOfWPBqrVG,2QZ7WLBE8h2y1Y5Fb8RYbH,Steal My Girl,In My Blood,0.23
2Bs4jQEGMycglOfWPBqrVG,3FeVmId7tL5YN8B7R3imoM,Steal My Girl,My Universe,0.29
13P5rwmk2EsoFRIz9UCeh9,3uwnnTQcHM1rDqSfA4gQNz,Cool Kids,Cool for the Summer,0.26
2K87XMYnUMqLcX3zvtAF4G,7JJmb5XwzOO8jgpou264Ml,Drag Me Down,There's Nothing Holdin' Me Back,0.17
2K87XMYnUMqLcX3zvtAF4G,4ggiDYAkJ7Yk8d5xOr7Xjo,Drag Me Down,Me Niego (feat. Ozuna & Wisin),0.16
2K87XMYnUMqLcX3zvtAF4G,4POHzEwNTCYaIvqCUp3NnO,Drag Me Down,Old Me,0.25
3uwnnTQcHM1rDqSfA4gQNz,5Ohxk2dO5COHF1krpoPigN,Cool for the Summer,Sign of the Times,0.12
3uwnnTQcHM1rDqSfA4gQNz,4ylWMuGbMXNDgDd8lErEle,Cool for the Summer,The Greatest Show,0.17
3uwnnTQcHM1rDqSfA4gQNz,2pn8dNVSpYnAtlKFC8Q0DJ,Cool for the Summer,On The Ground,0.18
3uwnnTQcHM1rDqSfA4gQNz,1r9xUipOqoNwggBpENDsvJ,Cool for the Summer,Enemy (with JID) - from the series Arcane League of Legends,0.04
3uwnnTQcHM1rDqSfA4gQNz,1Iq8oo9XkmmvCQiGOfORiz,Cool for the Summer,Is It Over Now? (Taylor's Version) (From The Vault),0.06
3uwnnTQcHM1rDqSfA4gQNz,3RiPr603aXAoi4GHyXx0uy,Cool for the Summer,Hymn for the Weekend,0.31
70eDxAyAraNTiD6lx2ZEnH,4ggiDYAkJ7Yk8d5xOr7Xjo,Ex's & Oh's,Me Niego (feat. Ozuna & Wisin),0.07
70eDxAyAraNTiD6lx2ZEnH,1r9xUipOqoNwggBpENDsvJ,Ex's & Oh's,Enemy (with JID) - from the series Arcane League of Legends,0.06
4Tt6GiWS2V9sQjZjS2xjp2,6PERP62TejQjgHu81OHxgM,"Honey, I'm Good.",good 4 u,0.27
4Tt6GiWS2V9sQjZjS2xjp2,4ZtFanR9U6ndgddUvNcjcG,"Honey, I'm Good.",good 4 u,0.27
7JJmb5XwzOO8jgpou264Ml,4ggiDYAkJ7Yk8d5xOr7Xjo,There's Nothing Holdin' Me Back,Me Niego (feat. Ozuna & Wisin),0.12
7JJmb5XwzOO8jgpou264Ml,4POHzEwNTCYaIvqCUp3NnO,There's Nothing Holdin' Me Back,Old Me,0.15
7JJmb5XwzOO8jgpou264Ml,0VwNdo84DaVYLIkbVO86ND,There's Nothing Holdin' Me Back,We Are Never Ever Getting Back Together,0.11
5Ohxk2dO5COHF1krpoPigN,4ylWMuGbMXNDgDd8lErEle,Sign of the Times,The Greatest Show,0.09
5Ohxk2dO5COHF1krpoPigN,2pn8dNVSpYnAtlKFC8Q0DJ,Sign of the Times,On The Ground,0.11
5Ohxk2dO5COHF1krpoPigN,1r9xUipOqoNwggBpENDsvJ,Sign of the Times,Enemy (with JID) - from the series Arcane League of Legends,0.12
5Ohxk2dO5COHF1krpoPigN,1Iq8oo9XkmmvCQiGOfORiz,Sign of the Times,Is It Over Now? (Taylor's Version) (From The Vault),0.03
5Ohxk2dO5COHF1krpoPigN,3RiPr603aXAoi4GHyXx0uy,Sign of the Times,Hymn for the Weekend,0.11
5Ohxk2dO5COHF1krpoPigN,6xZ4Q2k2ompmDppyeESIY8,Sign of the Times,Level of Concern,0.19
2QZ7WLBE8h2y1Y5Fb8RYbH,3FeVmId7tL5YN8B7R3imoM,In My Blood,My Universe,0.25
4ggiDYAkJ7Yk8d5xOr7Xjo,4POHzEwNTCYaIvqCUp3NnO,Me Niego (feat. Ozuna & Wisin),Old Me,0.18
4ggiDYAkJ7Yk8d5xOr7Xjo,6fRxMU4LWwyaSSowV441IU,Me Niego (feat. Ozuna & Wisin),Beautiful Mistakes (feat. Megan Thee Stallion),0.08
4ggiDYAkJ7Yk8d5xOr7Xjo,1r9xUipOqoNwggBpENDsvJ,Me Niego (feat. Ozuna & Wisin),Enemy (with JID) - from the series Arcane League of Legends,0.03
4ggiDYAkJ7Yk8d5xOr7Xjo,1cS0TgbR263ey9jn0MwD2s,Me Niego (feat. Ozuna & Wisin),River (feat. Ed Sheeran),0.13
4ylWMuGbMXNDgDd8lErEle,2pn8dNVSpYnAtlKFC8Q0DJ,The Greatest Show,On The Ground,0.18
4ylWMuGbMXNDgDd8lErEle,1r9xUipOqoNwggBpENDsvJ,The Greatest Show,Enemy (with JID) - from the series Arcane League of Legends,0.05
4ylWMuGbMXNDgDd8lErEle,1Iq8oo9XkmmvCQiGOfORiz,The Greatest Show,Is It Over Now? (Taylor's Version) (From The Vault),0.06
4ylWMuGbMXNDgDd8lErEle,3RiPr603aXAoi4GHyXx0uy,The Greatest Show,Hymn for the Weekend,0.14
6LsAAHotRLMOHfCsSfYCsz,3jjujdWJ72nww5eGnfs2E7,If I Can't Have You,Adore You,0.18
6LsAAHotRLMOHfCsSfYCsz,0e8nrvls4Qqv5Rfa2UhqmO,If I Can't Have You,THATS WHAT I WANT,0.18
6LsAAHotRLMOHfCsSfYCsz,4bPQs0PHn4xbipzdPfn6du,If I Can't Have You,I Write Sins Not Tragedies,0.12
6PERP62TejQjgHu81OHxgM,4ZtFanR9U6ndgddUvNcjcG,good 4 u,good 4 u,1.0
5HCyWlXZPP0y6Gqq8TgA20,1r9xUipOqoNwggBpENDsvJ,STAY (with Justin Bieber),Enemy (with JID) - from the series Arcane League of Legends,0.1
5HCyWlXZPP0y6Gqq8TgA20,5PjdY0CKGZdEuoNab3yDmX,STAY (with Justin Bieber),STAY (with Justin Bieber),1.0
3USxtqRwSYz57Ewm6wWRMp,02MWAaffLxlfxAUY7c5dvx,Heat Waves,Heat Waves,1.0
6fRxMU4LWwyaSSowV441IU,1cS0TgbR263ey9jn0MwD2s,Beautiful Mistakes (feat. Megan Thee Stallion),River (feat. Ed Sheeran),0.12
2pn8dNVSpYnAtlKFC8Q0DJ,1r9xUipOqoNwggBpENDsvJ,On The Ground,Enemy (with JID) - from the series Arcane League of Legends,0.05
2pn8dNVSpYnAtlKFC8Q0DJ,1Iq8oo9XkmmvCQiGOfORiz,On The Ground,Is It Over Now? (Taylor's Version) (From The Vault),0.06
2pn8dNVSpYnAtlKFC8Q0DJ,3RiPr603aXAoi4GHyXx0uy,On The Ground,Hymn for the Weekend,0.17
0e8nrvls4Qqv5Rfa2UhqmO,4bPQs0PHn4xbipzdPfn6du,THATS WHAT I WANT,I Write Sins Not Tragedies,0.14
4LRPiXqCikLlN15c3yImP7,1Iq8oo9XkmmvCQiGOfORiz,As It Was,Is It Over Now? (Taylor's Version) (From The Vault),0.1
4LRPiXqCikLlN15c3yImP7,4Dvkj6JhhA12EX05fT7y2e,As It Was,As It Was,1.0
1r9xUipOqoNwggBpENDsvJ,1Iq8oo9XkmmvCQiGOfORiz,Enemy (with JID) - from the series Arcane League of Legends,Is It Over Now? (Taylor's Version) (From The Vault),0.07
1r9xUipOqoNwggBpENDsvJ,3RiPr603aXAoi4GHyXx0uy,Enemy (with JID) - from the series Arcane League of Legends,Hymn for the Weekend,0.06
1r9xUipOqoNwggBpENDsvJ,6xZ4Q2k2ompmDppyeESIY8,Enemy (with JID) - from the series Arcane League of Legends,Level of Concern,0.09
1r9xUipOqoNwggBpENDsvJ,5PjdY0CKGZdEuoNab3yDmX,Enemy (with JID) - from the series Arcane League of Legends,STAY (with Justin Bieber),0.1
1Iq8oo9XkmmvCQiGOfORiz,3RiPr603aXAoi4GHyXx0uy,Is It Over Now? (Taylor's Version) (From The Vault),Hymn for the Weekend,0.07
1Iq8oo9XkmmvCQiGOfORiz,4Dvkj6JhhA12EX05fT7y2e,Is It Over Now? (Taylor's Version) (From The Vault),As It Was,0.1
