60a0Rd6pjrkxjPbaKzXjfq,0UrWr7Jnu1heq1o99ZwUd0,In the End,Youth of the Nation,0.21
60a0Rd6pjrkxjPbaKzXjfq,1f2V8U1BiWaC9aJWmpOARe,In the End,By the Way,0.22
60a0Rd6pjrkxjPbaKzXjfq,3CpoeW0cZSDzIRv5z34F87,In the End,Sing For The Moment,0.22
60a0Rd6pjrkxjPbaKzXjfq,3Pzh926pXggbMe2ZpXyMV7,In the End,Ain't No Rest for the Wicked,0.18
60a0Rd6pjrkxjPbaKzXjfq,3Ofmpyhv5UAQ70mENzB277,In the End,Astronaut In The Ocean,0.45
60a0Rd6pjrkxjPbaKzXjfq,1r9xUipOqoNwggBpENDsvJ,In the End,Enemy (with JID) - from the series Arcane League of Legends,0.12
60a0Rd6pjrkxjPbaKzXjfq,6HxweNytuEQdmGeVtZPZz3,In the End,The Seed (2.0),0.24
0UrWr7Jnu1heq1o99ZwUd0,1f2V8U1BiWaC9aJWmpOARe,Youth of the Nation,By the Way,0.22
0UrWr7Jnu1heq1o99ZwUd0,3CpoeW0cZSDzIRv5z34F87,Youth of the Nation,Sing For The Moment,0.17
0UrWr7Jnu1heq1o99ZwUd0,3Pzh926pXggbMe2ZpXyMV7,Youth of the Nation,Ain't No Rest for the Wicked,0.14
0UrWr7Jnu1heq1o99ZwUd0,6lV2MSQmRIkycDScNtrBXO,Youth of the Nation,Airplanes (feat. Hayley Williams of Paramore),0.11
0UrWr7Jnu1heq1o99ZwUd0,3Ofmpyhv5UAQ70mENzB277,Youth of the Nation,Astronaut In The Ocean,0.21
0UrWr7Jnu1heq1o99ZwUd0,1r9xUipOqoNwggBpENDsvJ,Youth of the Nation,Enemy (with JID) - from the series Arcane League of Legends,0.24
0UrWr7Jnu1heq1o99ZwUd0,6HxweNytuEQdmGeVtZPZz3,Youth of the Nation,The Seed (2.0),0.21
6IFOw9Ck9mWHRQgw6QrPYx,6lV2MSQmRIkycDScNtrBXO,Music (feat. Marvin Gaye),Airplanes (feat. Hayley Williams of Paramore),0.11
6IFOw9Ck9mWHRQgw6QrPYx,1cS0TgbR263ey9jn0MwD2s,Music (feat. Marvin Gaye),River (feat. Ed Sheeran),0.11
6IFOw9Ck9mWHRQgw6QrPYx,3tjFYV6RSFtuktYl3ZtYcq,Music (feat. Marvin Gaye),Mood (feat. iann dior),0.11
6IFOw9Ck9mWHRQgw6QrPYx,4jPy3l0RUwlUI9T5XHBW2m,Music (feat. Marvin Gaye),Mood (feat. iann dior),0.11
6IFOw9Ck9mWHRQgw6QrPYx,5uHYcK0nbEYgRaFTY5BqnP,Music (feat. Marvin Gaye),Magic (feat. Rivers Cuomo),0.13
1Sm3U3B5XoidYQEZQZrh3i,4xkOaSrkexMciUUogZKVTS,Heaven Is a Halfpipe (If I Die),Till I Collapse,0.12
1Sm3U3B5XoidYQEZQZrh3i,1IYaMVfidzSfvCUZYXhsU1,Heaven Is a Halfpipe (If I Die),Party Like A Rock Star,0.12
1f2V8U1BiWaC9aJWmpOARe,3CpoeW0cZSDzIRv5z34F87,By the Way,Sing For The Moment,0.16
1f2V8U1BiWaC9aJWmpOARe,3Pzh926pXggbMe2ZpXyMV7,By the Way,Ain't No Rest for the Wicked,0.11
1f2V8U1BiWaC9aJWmpOARe,3Ofmpyhv5UAQ70mENzB277,By the Way,Astronaut In The Ocean,0.24
1f2V8U1BiWaC9aJWmpOARe,1r9xUipOqoNwggBpENDsvJ,By the Way,Enemy (with JID) - from the series Arcane League of Legends,0.13
1f2V8U1BiWaC9aJWmpOARe,6HxweNytuEQdmGeVtZPZz3,By the Way,The Seed (2.0),0.22
7BMO7O7ImjV8HNTH74Tshv,0UFDKFqW2oGspYeYqo9wjA,Cleanin' Out My Closet,Bleed It Out,0.2
7BMO7O7ImjV8HNTH74Tshv,3CRDbSIZ4r5MsZ0YwxuEkn,Cleanin' Out My Closet,Stressed Out,0.22
3CpoeW0cZSDzIRv5z34F87,3Pzh926pXggbMe2ZpXyMV7,Sing For The Moment,Ain't No Rest for the Wicked,0.29
3CpoeW0cZSDzIRv5z34F87,3Ofmpyhv5UAQ70mENzB277,Sing For The Moment,Astronaut In The Ocean,0.2
3CpoeW0cZSDzIRv5z34F87,1r9xUipOqoNwggBpENDsvJ,Sing For The Moment,Enemy (with JID) - from the series Arcane League of Legends,0.11
3CpoeW0cZSDzIRv5z34F87,6HxweNytuEQdmGeVtZPZz3,Sing For The Moment,The Seed (2.0),0.21
4hfIVhq0F0zFUcrbecsYmo,5sNESr6pQfIhL3krM8CtZn,Let's Get It Started - Spike Mix,Numb / Encore,0.14
4hfIVhq0F0zFUcrbecsYmo,6btyEL6NwUa97Nex9cZFvo,Let's Get It Started - Spike Mix,Pump It,0.16
4hfIVhq0F0zFUcrbecsYmo,0UFDKFqW2oGspYeYqo9wjA,Let's Get It Started - Spike Mix,Bleed It Out,0.15
4hfIVhq0F0zFUcrbecsYmo,6TrNRd98WksT9Kkmx9uj6R,Let's Get It Started - Spike Mix,Let It Rock,0.15
4hfIVhq0F0zFUcrbecsYmo,7oVEtyuv9NBmnytsCIsY5I,Let's Get It Started - Spike Mix,BURN IT DOWN,0.13
4hfIVhq0F0zFUcrbecsYmo,1r9xUipOqoNwggBpENDsvJ,Let's Get It Started - Spike Mix,Enemy (with JID) - from the series Arcane League of Legends,0.08
4hfIVhq0F0zFUcrbecsYmo,2gyxAWHebV7xPYVxqoi86f,Let's Get It Started - Spike Mix,get him back!,0.09
5sNESr6pQfIhL3krM8CtZn,1r9xUipOqoNwggBpENDsvJ,Numb / Encore,Enemy (with JID) - from the series Arcane League of Legends,0.09
6btyEL6NwUa97Nex9cZFvo,0UFDKFqW2oGspYeYqo9wjA,Pump It,Bleed It Out,0.25
6btyEL6NwUa97Nex9cZFvo,6TrNRd98WksT9Kkmx9uj6R,Pump It,Let It Rock,0.27
6btyEL6NwUa97Nex9cZFvo,7oVEtyuv9NBmnytsCIsY5I,Pump It,BURN IT DOWN,0.23
0UFDKFqW2oGspYeYqo9wjA,6TrNRd98WksT9Kkmx9uj6R,Bleed It Out,Let It Rock,0.21
0UFDKFqW2oGspYeYqo9wjA,7oVEtyuv9NBmnytsCIsY5I,Bleed It Out,BURN IT DOWN,0.22
0UFDKFqW2oGspYeYqo9wjA,3CRDbSIZ4r5MsZ0YwxuEkn,Bleed It Out,Stressed Out,0.25
1IYaMVfidzSfvCUZYXhsU1,6TrNRd98WksT9Kkmx9uj6R,Party Like A Rock Star,Let It Rock,0.15
3Pzh926pXggbMe2ZpXyMV7,3Ofmpyhv5UAQ70mENzB277,Ain't No Rest for the Wicked,Astronaut In The Ocean,0.16
3Pzh926pXggbMe2ZpXyMV7,1r9xUipOqoNwggBpENDsvJ,Ain't No Rest for the Wicked,Enemy (with JID) - from the series Arcane League of Legends,0.1
3Pzh926pXggbMe2ZpXyMV7,6HxweNytuEQdmGeVtZPZz3,Ain't No Rest for the Wicked,The Seed (2.0),0.17
6TrNRd98WksT9Kkmx9uj6R,7oVEtyuv9NBmnytsCIsY5I,Let It Rock,BURN IT DOWN,0.23
6lV2MSQmRIkycDScNtrBXO,1cS0TgbR263ey9jn0MwD2s,Airplanes (feat. Hayley Williams of Paramore),River (feat. Ed Sheeran),0.09
6lV2MSQmRIkycDScNtrBXO,3tjFYV6RSFtuktYl3ZtYcq,Airplanes (feat. Hayley Williams of Paramore),Mood (feat. iann dior),0.09
6lV2MSQmRIkycDScNtrBXO,4jPy3l0RUwlUI9T5XHBW2m,Airplanes (feat. Hayley Williams of Paramore),Mood (feat. iann dior),0.09
6lV2MSQmRIkycDScNtrBXO,1r9xUipOqoNwggBpENDsvJ,Airplanes (feat. Hayley Williams of Paramore),Enemy (with JID) - from the series Arcane League of Legends,0.07
6lV2MSQmRIkycDScNtrBXO,5uHYcK0nbEYgRaFTY5BqnP,Airplanes (feat. Hayley Williams of Paramore),Magic (feat. Rivers Cuomo),0.08
1cS0TgbR263ey9jn0MwD2s,3tjFYV6RSFtuktYl3ZtYcq,River (feat. Ed Sheeran),Mood (feat. iann dior),0.1
1cS0TgbR263ey9jn0MwD2s,4jPy3l0RUwlUI9T5XHBW2m,River (feat. Ed Sheeran),Mood (feat. iann dior),0.1
1cS0TgbR263ey9jn0MwD2s,5uHYcK0nbEYgRaFTY5BqnP,River (feat. Ed Sheeran),Magic (feat. Rivers Cuomo),0.1
3tjFYV6RSFtuktYl3ZtYcq,4jPy3l0RUwlUI9T5XHBW2m,Mood (feat. iann dior),Mood (feat. iann dior),1.0
3tjFYV6RSFtuktYl3ZtYcq,5uHYcK0nbEYgRaFTY5BqnP,Mood (feat. iann dior),Magic (feat. Rivers Cuomo),0.09
3Ofmpyhv5UAQ70mENzB277,1r9xUipOqoNwggBpENDsvJ,Astronaut In The Ocean,Enemy (with JID) - from the series Arcane League of Legends,0.13
3Ofmpyhv5UAQ70mENzB277,6HxweNytuEQdmGeVtZPZz3,Astronaut In The Ocean,The Seed (2.0),0.23
4jPy3l0RUwlUI9T5XHBW2m,5uHYcK0nbEYgRaFTY5BqnP,Mood (feat. iann dior),Magic (feat. Rivers Cuomo),0.09
1r9xUipOqoNwggBpENDsvJ,6HxweNytuEQdmGeVtZPZz3,Enemy (with JID) - from the series Arcane League of Legends,The Seed (2.0),0.14
