0PSZ9G584Ve27GK6ThlY6P,5dxHF4lrDimKqnI3GaZUmC,Lady Marmalade - Single Edit,Diary (feat. Tony! Toni! Tone! & Jermaine Paul),0.09
0PSZ9G584Ve27GK6ThlY6P,68rcszAg5pbVaXVvR7LFNh,Lady Marmalade - Single Edit,One Day / Reckoning Song (Wankelmut Remix) - Radio Edit,0.2
0PSZ9G584Ve27GK6ThlY6P,60nZcImufyMA1MKQY3dcCH,Lady Marmalade - Single Edit,"Happy - From """"Despicable Me 2""""""""",0.11
0PSZ9G584Ve27GK6ThlY6P,0PvFJmanyNQMseIFrU708S,Lady Marmalade - Single Edit,For The Night (feat. Lil Baby & DaBaby),0.08
6uSa5iCMwPr10Ftpz8w09b,0cOyhnhy13lc5G5nr4EF0q,Love,Tainted Love,0.46
6uSa5iCMwPr10Ftpz8w09b,5IVuqXILoxVWvWEPm82Jxr,Love,Crazy In Love (feat. Jay-Z),0.18
6uSa5iCMwPr10Ftpz8w09b,62ke5zFUJN6RvtXZgVH0F8,Love,Only Love Can Hurt Like This,0.13
6uSa5iCMwPr10Ftpz8w09b,0t7fVeEJxO2Xi4H2K5Svc9,Love,Send My Love (To Your New Lover),0.15
6uSa5iCMwPr10Ftpz8w09b,5oO3drDxtziYU2H1X23ZIp,Love,Love On The Brain,0.23
0cOyhnhy13lc5G5nr4EF0q,5IVuqXILoxVWvWEPm82Jxr,Tainted Love,Crazy In Love (feat. Jay-Z),0.13
0cOyhnhy13lc5G5nr4EF0q,62ke5zFUJN6RvtXZgVH0F8,Tainted Love,Only Love Can Hurt Like This,0.09
0cOyhnhy13lc5G5nr4EF0q,0t7fVeEJxO2Xi4H2K5Svc9,Tainted Love,Send My Love (To Your New Lover),0.12
0cOyhnhy13lc5G5nr4EF0q,5oO3drDxtziYU2H1X23ZIp,Tainted Love,Love On The Brain,0.14
0rimetBQIYXE3uMCbuXBUa,3oUphdZVPyrsprZ8FgbmQS,A Woman's Worth,I Need A Dollar,0.15
5IVuqXILoxVWvWEPm82Jxr,5dxHF4lrDimKqnI3GaZUmC,Crazy In Love (feat. Jay-Z),Diary (feat. Tony! Toni! Tone! & Jermaine Paul),0.08
5IVuqXILoxVWvWEPm82Jxr,1c8gk2PeTE04A1pIDH9YMk,Crazy In Love (feat. Jay-Z),Rolling in the Deep,0.12
5IVuqXILoxVWvWEPm82Jxr,62ke5zFUJN6RvtXZgVH0F8,Crazy In Love (feat. Jay-Z),Only Love Can Hurt Like This,0.07
5IVuqXILoxVWvWEPm82Jxr,32OlwWuMpZ6b0aN2RZOeMS,Crazy In Love (feat. Jay-Z),Uptown Funk (feat. Bruno Mars),0.09
5IVuqXILoxVWvWEPm82Jxr,2YlZnw2ikdb837oKMKjBkW,Crazy In Love (feat. Jay-Z),Like I'm Gonna Lose You (feat. John Legend),0.09
5IVuqXILoxVWvWEPm82Jxr,0t7fVeEJxO2Xi4H2K5Svc9,Crazy In Love (feat. Jay-Z),Send My Love (To Your New Lover),0.07
5IVuqXILoxVWvWEPm82Jxr,5oO3drDxtziYU2H1X23ZIp,Crazy In Love (feat. Jay-Z),Love On The Brain,0.1
5IVuqXILoxVWvWEPm82Jxr,0PvFJmanyNQMseIFrU708S,Crazy In Love (feat. Jay-Z),For The Night (feat. Lil Baby & DaBaby),0.08
1AWQoqb9bSvzTjaLralEkT,0t7fVeEJxO2Xi4H2K5Svc9,Rock Your Body,Send My Love (To Your New Lover),0.08
3XVBdLihbNbxUwZosxcGuJ,6LGwYMXXgURfaequXipzHx,If I Ain't Got You,You Don't Know My Name,0.11
3XVBdLihbNbxUwZosxcGuJ,4zQuwW24dweWcaX0fEJkP2,If I Ain't Got You,You Know I'm No Good,0.08
3XVBdLihbNbxUwZosxcGuJ,28euH5Ny1JXxZAt2KjWp62,If I Ain't Got You,You Give Me Something,0.1
3XVBdLihbNbxUwZosxcGuJ,3oUphdZVPyrsprZ8FgbmQS,If I Ain't Got You,I Need A Dollar,0.08
3XVBdLihbNbxUwZosxcGuJ,7AqISujIaWcY3h5zrOqt5v,If I Ain't Got You,Forget You,0.12
3XVBdLihbNbxUwZosxcGuJ,1zwMYTA5nlNjZxYrvBB2pV,If I Ain't Got You,Someone Like You,0.11
3XVBdLihbNbxUwZosxcGuJ,22PMfvdz35fFKYnJyMn077,If I Ain't Got You,Marry You,0.12
3XVBdLihbNbxUwZosxcGuJ,2TUzU4IkfH8kcvY2MUlsd2,If I Ain't Got You,I Won't Let You Go,0.23
3XVBdLihbNbxUwZosxcGuJ,7DfFc7a6Rwfi3YQMRbDMau,If I Ain't Got You,Thinkin Bout You,0.1
3XVBdLihbNbxUwZosxcGuJ,2YlZnw2ikdb837oKMKjBkW,If I Ain't Got You,Like I'm Gonna Lose You (feat. John Legend),0.06
3XVBdLihbNbxUwZosxcGuJ,1j8z4TTjJ1YOdoFEDwJTQa,If I Ain't Got You,Ain't It Fun,0.12
6LGwYMXXgURfaequXipzHx,4zQuwW24dweWcaX0fEJkP2,You Don't Know My Name,You Know I'm No Good,0.21
6LGwYMXXgURfaequXipzHx,28euH5Ny1JXxZAt2KjWp62,You Don't Know My Name,You Give Me Something,0.11
6LGwYMXXgURfaequXipzHx,7AqISujIaWcY3h5zrOqt5v,You Don't Know My Name,Forget You,0.16
6LGwYMXXgURfaequXipzHx,1zwMYTA5nlNjZxYrvBB2pV,You Don't Know My Name,Someone Like You,0.12
6LGwYMXXgURfaequXipzHx,22PMfvdz35fFKYnJyMn077,You Don't Know My Name,Marry You,0.15
6LGwYMXXgURfaequXipzHx,2TUzU4IkfH8kcvY2MUlsd2,You Don't Know My Name,I Won't Let You Go,0.12
6LGwYMXXgURfaequXipzHx,7DfFc7a6Rwfi3YQMRbDMau,You Don't Know My Name,Thinkin Bout You,0.11
6LGwYMXXgURfaequXipzHx,2YlZnw2ikdb837oKMKjBkW,You Don't Know My Name,Like I'm Gonna Lose You (feat. John Legend),0.06
6LGwYMXXgURfaequXipzHx,0t7fVeEJxO2Xi4H2K5Svc9,You Don't Know My Name,Send My Love (To Your New Lover),0.11
5dxHF4lrDimKqnI3GaZUmC,68rcszAg5pbVaXVvR7LFNh,Diary (feat. Tony! Toni! Tone! & Jermaine Paul),One Day / Reckoning Song (Wankelmut Remix) - Radio Edit,0.05
5dxHF4lrDimKqnI3GaZUmC,60nZcImufyMA1MKQY3dcCH,Diary (feat. Tony! Toni! Tone! & Jermaine Paul),"Happy - From """"Despicable Me 2""""""""",0.07
5dxHF4lrDimKqnI3GaZUmC,32OlwWuMpZ6b0aN2RZOeMS,Diary (feat. Tony! Toni! Tone! & Jermaine Paul),Uptown Funk (feat. Bruno Mars),0.1
5dxHF4lrDimKqnI3GaZUmC,2YlZnw2ikdb837oKMKjBkW,Diary (feat. Tony! Toni! Tone! & Jermaine Paul),Like I'm Gonna Lose You (feat. John Legend),0.09
5dxHF4lrDimKqnI3GaZUmC,0PvFJmanyNQMseIFrU708S,Diary (feat. Tony! Toni! Tone! & Jermaine Paul),For The Night (feat. Lil Baby & DaBaby),0.14
3s2MyU2YCwNNwcSokt0jXD,1A8j067qyiNwQnZT0bzUpZ,Girl,This Girl (Kungs Vs. Cookin' On 3 Burners),0.17
4zQuwW24dweWcaX0fEJkP2,28euH5Ny1JXxZAt2KjWp62,You Know I'm No Good,You Give Me Something,0.09
4zQuwW24dweWcaX0fEJkP2,7AqISujIaWcY3h5zrOqt5v,You Know I'm No Good,Forget You,0.13
4zQuwW24dweWcaX0fEJkP2,1zwMYTA5nlNjZxYrvBB2pV,You Know I'm No Good,Someone Like You,0.11
4zQuwW24dweWcaX0fEJkP2,22PMfvdz35fFKYnJyMn077,You Know I'm No Good,Marry You,0.14
4zQuwW24dweWcaX0fEJkP2,2TUzU4IkfH8kcvY2MUlsd2,You Know I'm No Good,I Won't Let You Go,0.09
4zQuwW24dweWcaX0fEJkP2,7DfFc7a6Rwfi3YQMRbDMau,You Know I'm No Good,Thinkin Bout You,0.1
4zQuwW24dweWcaX0fEJkP2,7795WJLVKJoAyVoOtCWqXN,You Know I'm No Good,I'm Not The Only One,0.08
4zQuwW24dweWcaX0fEJkP2,2YlZnw2ikdb837oKMKjBkW,You Know I'm No Good,Like I'm Gonna Lose You (feat. John Legend),0.1
4zQuwW24dweWcaX0fEJkP2,6KgBpzTuTRPebChN0VTyzV,You Know I'm No Good,Good as Hell,0.24
6yLX8QnxlnEqZfs3YKCfjF,1A8j067qyiNwQnZT0bzUpZ,Tears Dry On Their Own,This Girl (Kungs Vs. Cookin' On 3 Burners),0.05
6yLX8QnxlnEqZfs3YKCfjF,5oO3drDxtziYU2H1X23ZIp,Tears Dry On Their Own,Love On The Brain,0.1
28euH5Ny1JXxZAt2KjWp62,7AqISujIaWcY3h5zrOqt5v,You Give Me Something,Forget You,0.2
28euH5Ny1JXxZAt2KjWp62,1zwMYTA5nlNjZxYrvBB2pV,You Give Me Something,Someone Like You,0.15
28euH5Ny1JXxZAt2KjWp62,22PMfvdz35fFKYnJyMn077,You Give Me Something,Marry You,0.18
28euH5Ny1JXxZAt2KjWp62,2TUzU4IkfH8kcvY2MUlsd2,You Give Me Something,I Won't Let You Go,0.12
28euH5Ny1JXxZAt2KjWp62,7DfFc7a6Rwfi3YQMRbDMau,You Give Me Something,Thinkin Bout You,0.16
28euH5Ny1JXxZAt2KjWp62,3U4isOIWM3VvDubwSI3y7a,You Give Me Something,All of Me,0.18
28euH5Ny1JXxZAt2KjWp62,5Nm9ERjJZ5oyfXZTECKmRt,You Give Me Something,Stay With Me,0.18
28euH5Ny1JXxZAt2KjWp62,60nZcImufyMA1MKQY3dcCH,You Give Me Something,"Happy - From """"Despicable Me 2""""""""",0.1
28euH5Ny1JXxZAt2KjWp62,2YlZnw2ikdb837oKMKjBkW,You Give Me Something,Like I'm Gonna Lose You (feat. John Legend),0.07
28euH5Ny1JXxZAt2KjWp62,74sb4Gib0cL3TQeCjYF8vh,You Give Me Something,Lay Me Down,0.17
28euH5Ny1JXxZAt2KjWp62,0PG9fbaaHFHfre2gUVo7AN,You Give Me Something,Please Me,0.17
3FAclTFfvUuQYnEsptbK8w,73CMRj62VK8nUS4ezD2wvi,Back To Black,Set Fire to the Rain,0.18
3FAclTFfvUuQYnEsptbK8w,0t7fVeEJxO2Xi4H2K5Svc9,Back To Black,Send My Love (To Your New Lover),0.18
3oUphdZVPyrsprZ8FgbmQS,2TUzU4IkfH8kcvY2MUlsd2,I Need A Dollar,I Won't Let You Go,0.13
7AqISujIaWcY3h5zrOqt5v,1zwMYTA5nlNjZxYrvBB2pV,Forget You,Someone Like You,0.22
7AqISujIaWcY3h5zrOqt5v,22PMfvdz35fFKYnJyMn077,Forget You,Marry You,0.29
7AqISujIaWcY3h5zrOqt5v,2TUzU4IkfH8kcvY2MUlsd2,Forget You,I Won't Let You Go,0.15
7AqISujIaWcY3h5zrOqt5v,7DfFc7a6Rwfi3YQMRbDMau,Forget You,Thinkin Bout You,0.18
7AqISujIaWcY3h5zrOqt5v,2YlZnw2ikdb837oKMKjBkW,Forget You,Like I'm Gonna Lose You (feat. John Legend),0.06
1c8gk2PeTE04A1pIDH9YMk,73CMRj62VK8nUS4ezD2wvi,Rolling in the Deep,Set Fire to the Rain,0.1
1c8gk2PeTE04A1pIDH9YMk,7795WJLVKJoAyVoOtCWqXN,Rolling in the Deep,I'm Not The Only One,0.12
1c8gk2PeTE04A1pIDH9YMk,2stPxcgjdSImK7Gizl8ZUN,Rolling in the Deep,The Man,0.19
1c8gk2PeTE04A1pIDH9YMk,4jL6WWKFDqCOPo2hC3VhSS,Rolling in the Deep,Water Under the Bridge,0.12
1c8gk2PeTE04A1pIDH9YMk,5oO3drDxtziYU2H1X23ZIp,Rolling in the Deep,Love On The Brain,0.14
1c8gk2PeTE04A1pIDH9YMk,0PvFJmanyNQMseIFrU708S,Rolling in the Deep,For The Night (feat. Lil Baby & DaBaby),0.08
1c8gk2PeTE04A1pIDH9YMk,5MMW4CZsZiZt2iuqAXzzWC,Rolling in the Deep,The Heart Part 5,0.13
73CMRj62VK8nUS4ezD2wvi,7795WJLVKJoAyVoOtCWqXN,Set Fire to the Rain,I'm Not The Only One,0.09
73CMRj62VK8nUS4ezD2wvi,2stPxcgjdSImK7Gizl8ZUN,Set Fire to the Rain,The Man,0.13
73CMRj62VK8nUS4ezD2wvi,0t7fVeEJxO2Xi4H2K5Svc9,Set Fire to the Rain,Send My Love (To Your New Lover),0.13
73CMRj62VK8nUS4ezD2wvi,4jL6WWKFDqCOPo2hC3VhSS,Set Fire to the Rain,Water Under the Bridge,0.11
73CMRj62VK8nUS4ezD2wvi,5oO3drDxtziYU2H1X23ZIp,Set Fire to the Rain,Love On The Brain,0.12
73CMRj62VK8nUS4ezD2wvi,0PvFJmanyNQMseIFrU708S,Set Fire to the Rain,For The Night (feat. Lil Baby & DaBaby),0.07
73CMRj62VK8nUS4ezD2wvi,5MMW4CZsZiZt2iuqAXzzWC,Set Fire to the Rain,The Heart Part 5,0.1
1zwMYTA5nlNjZxYrvBB2pV,22PMfvdz35fFKYnJyMn077,Someone Like You,Marry You,0.18
1zwMYTA5nlNjZxYrvBB2pV,2TUzU4IkfH8kcvY2MUlsd2,Someone Like You,I Won't Let You Go,0.14
1zwMYTA5nlNjZxYrvBB2pV,7DfFc7a6Rwfi3YQMRbDMau,Someone Like You,Thinkin Bout You,0.16
1zwMYTA5nlNjZxYrvBB2pV,62ke5zFUJN6RvtXZgVH0F8,Someone Like You,Only Love Can Hurt Like This,0.15
1zwMYTA5nlNjZxYrvBB2pV,2YlZnw2ikdb837oKMKjBkW,Someone Like You,Like I'm Gonna Lose You (feat. John Legend),0.22
22PMfvdz35fFKYnJyMn077,2TUzU4IkfH8kcvY2MUlsd2,Marry You,I Won't Let You Go,0.16
22PMfvdz35fFKYnJyMn077,7DfFc7a6Rwfi3YQMRbDMau,Marry You,Thinkin Bout You,0.24
22PMfvdz35fFKYnJyMn077,2YlZnw2ikdb837oKMKjBkW,Marry You,Like I'm Gonna Lose You (feat. John Legend),0.07
2TUzU4IkfH8kcvY2MUlsd2,7DfFc7a6Rwfi3YQMRbDMau,I Won't Let You Go,Thinkin Bout You,0.14
2TUzU4IkfH8kcvY2MUlsd2,2YlZnw2ikdb837oKMKjBkW,I Won't Let You Go,Like I'm Gonna Lose You (feat. John Legend),0.06
2TUzU4IkfH8kcvY2MUlsd2,13HVjjWUZFaWilh2QUJKsP,I Won't Let You Go,Let It Go,0.26
7DfFc7a6Rwfi3YQMRbDMau,2YlZnw2ikdb837oKMKjBkW,Thinkin Bout You,Like I'm Gonna Lose You (feat. John Legend),0.06
68rcszAg5pbVaXVvR7LFNh,60nZcImufyMA1MKQY3dcCH,One Day / Reckoning Song (Wankelmut Remix) - Radio Edit,"Happy - From """"Despicable Me 2""""""""",0.08
68rcszAg5pbVaXVvR7LFNh,7795WJLVKJoAyVoOtCWqXN,One Day / Reckoning Song (Wankelmut Remix) - Radio Edit,I'm Not The Only One,0.06
68rcszAg5pbVaXVvR7LFNh,0PvFJmanyNQMseIFrU708S,One Day / Reckoning Song (Wankelmut Remix) - Radio Edit,For The Night (feat. Lil Baby & DaBaby),0.05
2A73XBDBQgmdXO8VsXPWIs,13HVjjWUZFaWilh2QUJKsP,Rumour Has It,Let It Go,0.25
2A73XBDBQgmdXO8VsXPWIs,1j8z4TTjJ1YOdoFEDwJTQa,Rumour Has It,Ain't It Fun,0.22
2A73XBDBQgmdXO8VsXPWIs,6QgjcU0zLnzq5OrUoSZ3OK,Rumour Has It,Feel It Still,0.2
3U4isOIWM3VvDubwSI3y7a,5Nm9ERjJZ5oyfXZTECKmRt,All of Me,Stay With Me,0.23
3U4isOIWM3VvDubwSI3y7a,60nZcImufyMA1MKQY3dcCH,All of Me,"Happy - From """"Despicable Me 2""""""""",0.1
3U4isOIWM3VvDubwSI3y7a,74sb4Gib0cL3TQeCjYF8vh,All of Me,Lay Me Down,0.22
3U4isOIWM3VvDubwSI3y7a,0PG9fbaaHFHfre2gUVo7AN,All of Me,Please Me,0.23
5Nm9ERjJZ5oyfXZTECKmRt,60nZcImufyMA1MKQY3dcCH,Stay With Me,"Happy - From """"Despicable Me 2""""""""",0.11
5Nm9ERjJZ5oyfXZTECKmRt,74sb4Gib0cL3TQeCjYF8vh,Stay With Me,Lay Me Down,0.19
5Nm9ERjJZ5oyfXZTECKmRt,0PG9fbaaHFHfre2gUVo7AN,Stay With Me,Please Me,0.24
60nZcImufyMA1MKQY3dcCH,74sb4Gib0cL3TQeCjYF8vh,"Happy - From """"Despicable Me 2""""""""",Lay Me Down,0.11
60nZcImufyMA1MKQY3dcCH,0PG9fbaaHFHfre2gUVo7AN,"Happy - From """"Despicable Me 2""""""""",Please Me,0.12
60nZcImufyMA1MKQY3dcCH,0PvFJmanyNQMseIFrU708S,"Happy - From """"Despicable Me 2""""""""",For The Night (feat. Lil Baby & DaBaby),0.08
7795WJLVKJoAyVoOtCWqXN,62ke5zFUJN6RvtXZgVH0F8,I'm Not The Only One,Only Love Can Hurt Like This,0.13
7795WJLVKJoAyVoOtCWqXN,2stPxcgjdSImK7Gizl8ZUN,I'm Not The Only One,The Man,0.18
7795WJLVKJoAyVoOtCWqXN,2YlZnw2ikdb837oKMKjBkW,I'm Not The Only One,Like I'm Gonna Lose You (feat. John Legend),0.06
7795WJLVKJoAyVoOtCWqXN,4jL6WWKFDqCOPo2hC3VhSS,I'm Not The Only One,Water Under the Bridge,0.12
7795WJLVKJoAyVoOtCWqXN,5oO3drDxtziYU2H1X23ZIp,I'm Not The Only One,Love On The Brain,0.14
7795WJLVKJoAyVoOtCWqXN,0PvFJmanyNQMseIFrU708S,I'm Not The Only One,For The Night (feat. Lil Baby & DaBaby),0.08
7795WJLVKJoAyVoOtCWqXN,5MMW4CZsZiZt2iuqAXzzWC,I'm Not The Only One,The Heart Part 5,0.12
62ke5zFUJN6RvtXZgVH0F8,2YlZnw2ikdb837oKMKjBkW,Only Love Can Hurt Like This,Like I'm Gonna Lose You (feat. John Legend),0.09
62ke5zFUJN6RvtXZgVH0F8,0t7fVeEJxO2Xi4H2K5Svc9,Only Love Can Hurt Like This,Send My Love (To Your New Lover),0.07
62ke5zFUJN6RvtXZgVH0F8,1A8j067qyiNwQnZT0bzUpZ,Only Love Can Hurt Like This,This Girl (Kungs Vs. Cookin' On 3 Burners),0.06
62ke5zFUJN6RvtXZgVH0F8,5oO3drDxtziYU2H1X23ZIp,Only Love Can Hurt Like This,Love On The Brain,0.08
2stPxcgjdSImK7Gizl8ZUN,4jL6WWKFDqCOPo2hC3VhSS,The Man,Water Under the Bridge,0.24
2stPxcgjdSImK7Gizl8ZUN,5oO3drDxtziYU2H1X23ZIp,The Man,Love On The Brain,0.23
2stPxcgjdSImK7Gizl8ZUN,0PvFJmanyNQMseIFrU708S,The Man,For The Night (feat. Lil Baby & DaBaby),0.11
2stPxcgjdSImK7Gizl8ZUN,5MMW4CZsZiZt2iuqAXzzWC,The Man,The Heart Part 5,0.19
32OlwWuMpZ6b0aN2RZOeMS,2YlZnw2ikdb837oKMKjBkW,Uptown Funk (feat. Bruno Mars),Like I'm Gonna Lose You (feat. John Legend),0.09
32OlwWuMpZ6b0aN2RZOeMS,0PvFJmanyNQMseIFrU708S,Uptown Funk (feat. Bruno Mars),For The Night (feat. Lil Baby & DaBaby),0.1
2YlZnw2ikdb837oKMKjBkW,0PvFJmanyNQMseIFrU708S,Like I'm Gonna Lose You (feat. John Legend),For The Night (feat. Lil Baby & DaBaby),0.08
0t7fVeEJxO2Xi4H2K5Svc9,5oO3drDxtziYU2H1X23ZIp,Send My Love (To Your New Lover),Love On The Brain,0.09
74sb4Gib0cL3TQeCjYF8vh,0PG9fbaaHFHfre2gUVo7AN,Lay Me Down,Please Me,0.23
13HVjjWUZFaWilh2QUJKsP,1j8z4TTjJ1YOdoFEDwJTQa,Let It Go,Ain't It Fun,0.27
13HVjjWUZFaWilh2QUJKsP,6QgjcU0zLnzq5OrUoSZ3OK,Let It Go,Feel It Still,0.22
4jL6WWKFDqCOPo2hC3VhSS,5oO3drDxtziYU2H1X23ZIp,Water Under the Bridge,Love On The Brain,0.18
4jL6WWKFDqCOPo2hC3VhSS,0PvFJmanyNQMseIFrU708S,Water Under the Bridge,For The Night (feat. Lil Baby & DaBaby),0.1
4jL6WWKFDqCOPo2hC3VhSS,5MMW4CZsZiZt2iuqAXzzWC,Water Under the Bridge,The Heart Part 5,0.15
1A8j067qyiNwQnZT0bzUpZ,5oO3drDxtziYU2H1X23ZIp,This Girl (Kungs Vs. Cookin' On 3 Burners),Love On The Brain,0.08
5oO3drDxtziYU2H1X23ZIp,0PvFJmanyNQMseIFrU708S,Love On The Brain,For The Night (feat. Lil Baby & DaBaby),0.1
5oO3drDxtziYU2H1X23ZIp,5MMW4CZsZiZt2iuqAXzzWC,Love On The Brain,The Heart Part 5,0.14
0PvFJmanyNQMseIFrU708S,5MMW4CZsZiZt2iuqAXzzWC,For The Night (feat. Lil Baby & DaBaby),The Heart Part 5,0.06
1j8z4TTjJ1YOdoFEDwJTQa,6QgjcU0zLnzq5OrUoSZ3OK,Ain't It Fun,Feel It Still,0.21
