0CAJdthKDdRjB2h8YOguN6,10hcDov7xmcRviA8jLwEaI,What You Know,Need to Know,0.23
3OePAyHePd68TTKmy2hjq0,6ATrsVaZT7XjkCynxM8cTS,Put On,Turn My Swag On,0.18
3OePAyHePd68TTKmy2hjq0,3IB5qOeMayvpOdHxYCL5tZ,Put On,ON (Feat. Sia),0.17
6ATrsVaZT7XjkCynxM8cTS,0NTMtAO2BV4tnGvw9EgBVq,Turn My Swag On,Bitch Better Have My Money,0.17
6ATrsVaZT7XjkCynxM8cTS,3IB5qOeMayvpOdHxYCL5tZ,Turn My Swag On,ON (Feat. Sia),0.13
6ATrsVaZT7XjkCynxM8cTS,6T7FXSuXykeGktMLGp8WgE,Turn My Swag On,All My Life (feat. J. Cole),0.12
1WtTLtofvcjQM3sXSMkDdX,7EiZI6JVHllARrX9PUvAdX,How Low,Low Life (feat. The Weeknd),0.12
5SsR3wtCOafDmZgvIdRhSm,7fBv7CLKzipRk6EC6TWHOB,Man Of The Year,The Hills,0.15
5SsR3wtCOafDmZgvIdRhSm,26rdOwwjC2UnweK3xeS58u,Man Of The Year,GDFR (feat. Sage the Gemini & Lookas),0.11
5SsR3wtCOafDmZgvIdRhSm,7EiZI6JVHllARrX9PUvAdX,Man Of The Year,Low Life (feat. The Weeknd),0.15
5SsR3wtCOafDmZgvIdRhSm,0RiRZpuVRbi7oqRdSMwhQY,Man Of The Year,Sunflower - Spider-Man: Into the Spider-Verse,0.09
5SsR3wtCOafDmZgvIdRhSm,0nbXyq5TXYPCO7pr3N8S4I,Man Of The Year,The Box,0.19
5SsR3wtCOafDmZgvIdRhSm,0PvFJmanyNQMseIFrU708S,Man Of The Year,For The Night (feat. Lil Baby & DaBaby),0.12
5SsR3wtCOafDmZgvIdRhSm,3eekarcy7kvN4yt5ZFzltW,Man Of The Year,HIGHEST IN THE ROOM,0.15
5SsR3wtCOafDmZgvIdRhSm,39Yp9wwQiSRIDOvrVg7mbk,Man Of The Year,THE SCOTTS,0.19
5SsR3wtCOafDmZgvIdRhSm,3Ofmpyhv5UAQ70mENzB277,Man Of The Year,Astronaut In The Ocean,0.13
7fBv7CLKzipRk6EC6TWHOB,26rdOwwjC2UnweK3xeS58u,The Hills,GDFR (feat. Sage the Gemini & Lookas),0.09
7fBv7CLKzipRk6EC6TWHOB,7EiZI6JVHllARrX9PUvAdX,The Hills,Low Life (feat. The Weeknd),0.16
7fBv7CLKzipRk6EC6TWHOB,0RiRZpuVRbi7oqRdSMwhQY,The Hills,Sunflower - Spider-Man: Into the Spider-Verse,0.12
7fBv7CLKzipRk6EC6TWHOB,0nbXyq5TXYPCO7pr3N8S4I,The Hills,The Box,0.3
7fBv7CLKzipRk6EC6TWHOB,0PvFJmanyNQMseIFrU708S,The Hills,For The Night (feat. Lil Baby & DaBaby),0.11
7fBv7CLKzipRk6EC6TWHOB,3eekarcy7kvN4yt5ZFzltW,The Hills,HIGHEST IN THE ROOM,0.22
7fBv7CLKzipRk6EC6TWHOB,39Yp9wwQiSRIDOvrVg7mbk,The Hills,THE SCOTTS,0.36
7fBv7CLKzipRk6EC6TWHOB,3Ofmpyhv5UAQ70mENzB277,The Hills,Astronaut In The Ocean,0.15
7fBv7CLKzipRk6EC6TWHOB,7dJYggqjKo71KI9sLzqCs8,The Hills,Agora Hills,0.37
0NTMtAO2BV4tnGvw9EgBVq,2GGMabyHXnJmjY6CXhhB2e,Bitch Better Have My Money,Money,0.15
0NTMtAO2BV4tnGvw9EgBVq,6T7FXSuXykeGktMLGp8WgE,Bitch Better Have My Money,All My Life (feat. J. Cole),0.14
26rdOwwjC2UnweK3xeS58u,7EiZI6JVHllARrX9PUvAdX,GDFR (feat. Sage the Gemini & Lookas),Low Life (feat. The Weeknd),0.21
26rdOwwjC2UnweK3xeS58u,4lnAN2S1fcI0SjxEbksZVr,GDFR (feat. Sage the Gemini & Lookas),Fetish (feat. Gucci Mane),0.09
26rdOwwjC2UnweK3xeS58u,0M9ydKzuF3oZTfYYPfaGX1,GDFR (feat. Sage the Gemini & Lookas),Bad and Boujee (feat. Lil Uzi Vert),0.07
26rdOwwjC2UnweK3xeS58u,0e7ipj03S05BNilyu5bRzt,GDFR (feat. Sage the Gemini & Lookas),rockstar (feat. 21 Savage),0.09
26rdOwwjC2UnweK3xeS58u,6HJ34Zyw6bg8yGm28AxLXf,GDFR (feat. Sage the Gemini & Lookas),Look Alive (feat. Drake),0.1
26rdOwwjC2UnweK3xeS58u,0RiRZpuVRbi7oqRdSMwhQY,GDFR (feat. Sage the Gemini & Lookas),Sunflower - Spider-Man: Into the Spider-Verse,0.12
26rdOwwjC2UnweK3xeS58u,0FZ4Dmg8jJJAPJnvBIzD9z,GDFR (feat. Sage the Gemini & Lookas),ZEZE (feat. Travis Scott & Offset),0.12
26rdOwwjC2UnweK3xeS58u,2IRZnDFmlqMuOrYOLnZZyc,GDFR (feat. Sage the Gemini & Lookas),Going Bad (feat. Drake),0.08
26rdOwwjC2UnweK3xeS58u,2YpeDb67231RjR0MgVLzsG,GDFR (feat. Sage the Gemini & Lookas),Old Town Road - Remix,0.03
26rdOwwjC2UnweK3xeS58u,5OFlp1fOrfiSXOjw4wuSgy,GDFR (feat. Sage the Gemini & Lookas),Shotta Flow (feat. Blueface) - Remix,0.12
26rdOwwjC2UnweK3xeS58u,0nbXyq5TXYPCO7pr3N8S4I,GDFR (feat. Sage the Gemini & Lookas),The Box,0.13
26rdOwwjC2UnweK3xeS58u,7ytR5pFWmSjzHJIeQkgog4,GDFR (feat. Sage the Gemini & Lookas),ROCKSTAR (feat. Roddy Ricch),0.09
26rdOwwjC2UnweK3xeS58u,5yY9lUy8nbvjM1Uyo1Uqoc,GDFR (feat. Sage the Gemini & Lookas),Life Is Good (feat. Drake),0.1
26rdOwwjC2UnweK3xeS58u,4Oun2ylbjFKMPTiaSbbCih,GDFR (feat. Sage the Gemini & Lookas),WAP (feat. Megan Thee Stallion),0.07
26rdOwwjC2UnweK3xeS58u,2DQNYMRjisN3KAPj1bEwOI,GDFR (feat. Sage the Gemini & Lookas),"Lemonade (feat. Gunna, Don Toliver & NAV)",0.13
26rdOwwjC2UnweK3xeS58u,7FIWs0pqAYbP91WWM0vlTQ,GDFR (feat. Sage the Gemini & Lookas),Godzilla (feat. Juice WRLD),0.12
26rdOwwjC2UnweK3xeS58u,0PvFJmanyNQMseIFrU708S,GDFR (feat. Sage the Gemini & Lookas),For The Night (feat. Lil Baby & DaBaby),0.18
26rdOwwjC2UnweK3xeS58u,2SAqBLGA283SUiwJ3xOUVI,GDFR (feat. Sage the Gemini & Lookas),Laugh Now Cry Later (feat. Lil Durk),0.09
26rdOwwjC2UnweK3xeS58u,3eekarcy7kvN4yt5ZFzltW,GDFR (feat. Sage the Gemini & Lookas),HIGHEST IN THE ROOM,0.1
26rdOwwjC2UnweK3xeS58u,4umIPjkehX1r7uhmGvXiSV,GDFR (feat. Sage the Gemini & Lookas),Intentions (feat. Quavo),0.1
26rdOwwjC2UnweK3xeS58u,2MbdDtCv5LUVjYy9RuGTgC,GDFR (feat. Sage the Gemini & Lookas),"WHATS POPPIN (feat. DaBaby, Tory Lanez & Lil Wayne) - Remix",0.09
26rdOwwjC2UnweK3xeS58u,6EDO9iiTtwNv6waLwa1UUq,GDFR (feat. Sage the Gemini & Lookas),POPSTAR (feat. Drake),0.11
26rdOwwjC2UnweK3xeS58u,39Yp9wwQiSRIDOvrVg7mbk,GDFR (feat. Sage the Gemini & Lookas),THE SCOTTS,0.14
26rdOwwjC2UnweK3xeS58u,3IB5qOeMayvpOdHxYCL5tZ,GDFR (feat. Sage the Gemini & Lookas),ON (Feat. Sia),0.12
26rdOwwjC2UnweK3xeS58u,4w47S36wQGBhGg073q3nt7,GDFR (feat. Sage the Gemini & Lookas),TKN (feat. Travis Scott),0.1
26rdOwwjC2UnweK3xeS58u,3Ofmpyhv5UAQ70mENzB277,GDFR (feat. Sage the Gemini & Lookas),Astronaut In The Ocean,0.09
26rdOwwjC2UnweK3xeS58u,5Z9KJZvQzH6PFmb8SNkxuk,GDFR (feat. Sage the Gemini & Lookas),INDUSTRY BABY (feat. Jack Harlow),0.1
26rdOwwjC2UnweK3xeS58u,3nY8AqaMNNHHLYV4380ol0,GDFR (feat. Sage the Gemini & Lookas),Dick (feat. Doja Cat),0.09
26rdOwwjC2UnweK3xeS58u,3F5CgOj3wFlRv51JsHbxhe,GDFR (feat. Sage the Gemini & Lookas),Jimmy Cooks (feat. 21 Savage),0.11
26rdOwwjC2UnweK3xeS58u,27NovPIUIRrOZoCHxABJwK,GDFR (feat. Sage the Gemini & Lookas),INDUSTRY BABY (feat. Jack Harlow),0.1
26rdOwwjC2UnweK3xeS58u,6T7FXSuXykeGktMLGp8WgE,GDFR (feat. Sage the Gemini & Lookas),All My Life (feat. J. Cole),0.08
7EiZI6JVHllARrX9PUvAdX,4lnAN2S1fcI0SjxEbksZVr,Low Life (feat. The Weeknd),Fetish (feat. Gucci Mane),0.1
7EiZI6JVHllARrX9PUvAdX,0M9ydKzuF3oZTfYYPfaGX1,Low Life (feat. The Weeknd),Bad and Boujee (feat. Lil Uzi Vert),0.11
7EiZI6JVHllARrX9PUvAdX,0e7ipj03S05BNilyu5bRzt,Low Life (feat. The Weeknd),rockstar (feat. 21 Savage),0.12
7EiZI6JVHllARrX9PUvAdX,6HJ34Zyw6bg8yGm28AxLXf,Low Life (feat. The Weeknd),Look Alive (feat. Drake),0.11
7EiZI6JVHllARrX9PUvAdX,0RiRZpuVRbi7oqRdSMwhQY,Low Life (feat. The Weeknd),Sunflower - Spider-Man: Into the Spider-Verse,0.09
7EiZI6JVHllARrX9PUvAdX,0FZ4Dmg8jJJAPJnvBIzD9z,Low Life (feat. The Weeknd),ZEZE (feat. Travis Scott & Offset),0.1
7EiZI6JVHllARrX9PUvAdX,2IRZnDFmlqMuOrYOLnZZyc,Low Life (feat. The Weeknd),Going Bad (feat. Drake),0.15
7EiZI6JVHllARrX9PUvAdX,5OFlp1fOrfiSXOjw4wuSgy,Low Life (feat. The Weeknd),Shotta Flow (feat. Blueface) - Remix,0.12
7EiZI6JVHllARrX9PUvAdX,0nbXyq5TXYPCO7pr3N8S4I,Low Life (feat. The Weeknd),The Box,0.21
7EiZI6JVHllARrX9PUvAdX,7ytR5pFWmSjzHJIeQkgog4,Low Life (feat. The Weeknd),ROCKSTAR (feat. Roddy Ricch),0.11
7EiZI6JVHllARrX9PUvAdX,5yY9lUy8nbvjM1Uyo1Uqoc,Low Life (feat. The Weeknd),Life Is Good (feat. Drake),0.26
7EiZI6JVHllARrX9PUvAdX,4Oun2ylbjFKMPTiaSbbCih,Low Life (feat. The Weeknd),WAP (feat. Megan Thee Stallion),0.09
7EiZI6JVHllARrX9PUvAdX,2DQNYMRjisN3KAPj1bEwOI,Low Life (feat. The Weeknd),"Lemonade (feat. Gunna, Don Toliver & NAV)",0.11
7EiZI6JVHllARrX9PUvAdX,7FIWs0pqAYbP91WWM0vlTQ,Low Life (feat. The Weeknd),Godzilla (feat. Juice WRLD),0.14
7EiZI6JVHllARrX9PUvAdX,0PvFJmanyNQMseIFrU708S,Low Life (feat. The Weeknd),For The Night (feat. Lil Baby & DaBaby),0.23
7EiZI6JVHllARrX9PUvAdX,2SAqBLGA283SUiwJ3xOUVI,Low Life (feat. The Weeknd),Laugh Now Cry Later (feat. Lil Durk),0.1
7EiZI6JVHllARrX9PUvAdX,3eekarcy7kvN4yt5ZFzltW,Low Life (feat. The Weeknd),HIGHEST IN THE ROOM,0.14
7EiZI6JVHllARrX9PUvAdX,4umIPjkehX1r7uhmGvXiSV,Low Life (feat. The Weeknd),Intentions (feat. Quavo),0.16
7EiZI6JVHllARrX9PUvAdX,2MbdDtCv5LUVjYy9RuGTgC,Low Life (feat. The Weeknd),"WHATS POPPIN (feat. DaBaby, Tory Lanez & Lil Wayne) - Remix",0.08
7EiZI6JVHllARrX9PUvAdX,6EDO9iiTtwNv6waLwa1UUq,Low Life (feat. The Weeknd),POPSTAR (feat. Drake),0.15
7EiZI6JVHllARrX9PUvAdX,39Yp9wwQiSRIDOvrVg7mbk,Low Life (feat. The Weeknd),THE SCOTTS,0.21
7EiZI6JVHllARrX9PUvAdX,3IB5qOeMayvpOdHxYCL5tZ,Low Life (feat. The Weeknd),ON (Feat. Sia),0.18
7EiZI6JVHllARrX9PUvAdX,4w47S36wQGBhGg073q3nt7,Low Life (feat. The Weeknd),TKN (feat. Travis Scott),0.14
7EiZI6JVHllARrX9PUvAdX,3Ofmpyhv5UAQ70mENzB277,Low Life (feat. The Weeknd),Astronaut In The Ocean,0.12
7EiZI6JVHllARrX9PUvAdX,5Z9KJZvQzH6PFmb8SNkxuk,Low Life (feat. The Weeknd),INDUSTRY BABY (feat. Jack Harlow),0.12
7EiZI6JVHllARrX9PUvAdX,3nY8AqaMNNHHLYV4380ol0,Low Life (feat. The Weeknd),Dick (feat. Doja Cat),0.13
7EiZI6JVHllARrX9PUvAdX,3F5CgOj3wFlRv51JsHbxhe,Low Life (feat. The Weeknd),Jimmy Cooks (feat. 21 Savage),0.14
7EiZI6JVHllARrX9PUvAdX,27NovPIUIRrOZoCHxABJwK,Low Life (feat. The Weeknd),INDUSTRY BABY (feat. Jack Harlow),0.12
7EiZI6JVHllARrX9PUvAdX,6T7FXSuXykeGktMLGp8WgE,Low Life (feat. The Weeknd),All My Life (feat. J. Cole),0.21
4lnAN2S1fcI0SjxEbksZVr,0M9ydKzuF3oZTfYYPfaGX1,Fetish (feat. Gucci Mane),Bad and Boujee (feat. Lil Uzi Vert),0.09
4lnAN2S1fcI0SjxEbksZVr,0e7ipj03S05BNilyu5bRzt,Fetish (feat. Gucci Mane),rockstar (feat. 21 Savage),0.13
4lnAN2S1fcI0SjxEbksZVr,6HJ34Zyw6bg8yGm28AxLXf,Fetish (feat. Gucci Mane),Look Alive (feat. Drake),0.16
4lnAN2S1fcI0SjxEbksZVr,0FZ4Dmg8jJJAPJnvBIzD9z,Fetish (feat. Gucci Mane),ZEZE (feat. Travis Scott & Offset),0.09
4lnAN2S1fcI0SjxEbksZVr,2IRZnDFmlqMuOrYOLnZZyc,Fetish (feat. Gucci Mane),Going Bad (feat. Drake),0.17
4lnAN2S1fcI0SjxEbksZVr,5OFlp1fOrfiSXOjw4wuSgy,Fetish (feat. Gucci Mane),Shotta Flow (feat. Blueface) - Remix,0.11
4lnAN2S1fcI0SjxEbksZVr,7ytR5pFWmSjzHJIeQkgog4,Fetish (feat. Gucci Mane),ROCKSTAR (feat. Roddy Ricch),0.13
4lnAN2S1fcI0SjxEbksZVr,5yY9lUy8nbvjM1Uyo1Uqoc,Fetish (feat. Gucci Mane),Life Is Good (feat. Drake),0.12
4lnAN2S1fcI0SjxEbksZVr,4Oun2ylbjFKMPTiaSbbCih,Fetish (feat. Gucci Mane),WAP (feat. Megan Thee Stallion),0.12
4lnAN2S1fcI0SjxEbksZVr,2DQNYMRjisN3KAPj1bEwOI,Fetish (feat. Gucci Mane),"Lemonade (feat. Gunna, Don Toliver & NAV)",0.14
4lnAN2S1fcI0SjxEbksZVr,7FIWs0pqAYbP91WWM0vlTQ,Fetish (feat. Gucci Mane),Godzilla (feat. Juice WRLD),0.12
4lnAN2S1fcI0SjxEbksZVr,0PvFJmanyNQMseIFrU708S,Fetish (feat. Gucci Mane),For The Night (feat. Lil Baby & DaBaby),0.09
4lnAN2S1fcI0SjxEbksZVr,2SAqBLGA283SUiwJ3xOUVI,Fetish (feat. Gucci Mane),Laugh Now Cry Later (feat. Lil Durk),0.1
4lnAN2S1fcI0SjxEbksZVr,4umIPjkehX1r7uhmGvXiSV,Fetish (feat. Gucci Mane),Intentions (feat. Quavo),0.19
4lnAN2S1fcI0SjxEbksZVr,2MbdDtCv5LUVjYy9RuGTgC,Fetish (feat. Gucci Mane),"WHATS POPPIN (feat. DaBaby, Tory Lanez & Lil Wayne) - Remix",0.07
4lnAN2S1fcI0SjxEbksZVr,6EDO9iiTtwNv6waLwa1UUq,Fetish (feat. Gucci Mane),POPSTAR (feat. Drake),0.18
4lnAN2S1fcI0SjxEbksZVr,3IB5qOeMayvpOdHxYCL5tZ,Fetish (feat. Gucci Mane),ON (Feat. Sia),0.2
4lnAN2S1fcI0SjxEbksZVr,4w47S36wQGBhGg073q3nt7,Fetish (feat. Gucci Mane),TKN (feat. Travis Scott),0.13
4lnAN2S1fcI0SjxEbksZVr,5Z9KJZvQzH6PFmb8SNkxuk,Fetish (feat. Gucci Mane),INDUSTRY BABY (feat. Jack Harlow),0.18
4lnAN2S1fcI0SjxEbksZVr,3nY8AqaMNNHHLYV4380ol0,Fetish (feat. Gucci Mane),Dick (feat. Doja Cat),0.16
4lnAN2S1fcI0SjxEbksZVr,3F5CgOj3wFlRv51JsHbxhe,Fetish (feat. Gucci Mane),Jimmy Cooks (feat. 21 Savage),0.16
4lnAN2S1fcI0SjxEbksZVr,27NovPIUIRrOZoCHxABJwK,Fetish (feat. Gucci Mane),INDUSTRY BABY (feat. Jack Harlow),0.18
4lnAN2S1fcI0SjxEbksZVr,6T7FXSuXykeGktMLGp8WgE,Fetish (feat. Gucci Mane),All My Life (feat. J. Cole),0.09
0M9ydKzuF3oZTfYYPfaGX1,0e7ipj03S05BNilyu5bRzt,Bad and Boujee (feat. Lil Uzi Vert),rockstar (feat. 21 Savage),0.13
0M9ydKzuF3oZTfYYPfaGX1,6HJ34Zyw6bg8yGm28AxLXf,Bad and Boujee (feat. Lil Uzi Vert),Look Alive (feat. Drake),0.1
0M9ydKzuF3oZTfYYPfaGX1,0FZ4Dmg8jJJAPJnvBIzD9z,Bad and Boujee (feat. Lil Uzi Vert),ZEZE (feat. Travis Scott & Offset),0.1
0M9ydKzuF3oZTfYYPfaGX1,2IRZnDFmlqMuOrYOLnZZyc,Bad and Boujee (feat. Lil Uzi Vert),Going Bad (feat. Drake),0.25
0M9ydKzuF3oZTfYYPfaGX1,5OFlp1fOrfiSXOjw4wuSgy,Bad and Boujee (feat. Lil Uzi Vert),Shotta Flow (feat. Blueface) - Remix,0.11
0M9ydKzuF3oZTfYYPfaGX1,7ytR5pFWmSjzHJIeQkgog4,Bad and Boujee (feat. Lil Uzi Vert),ROCKSTAR (feat. Roddy Ricch),0.11
0M9ydKzuF3oZTfYYPfaGX1,5yY9lUy8nbvjM1Uyo1Uqoc,Bad and Boujee (feat. Lil Uzi Vert),Life Is Good (feat. Drake),0.11
0M9ydKzuF3oZTfYYPfaGX1,4Oun2ylbjFKMPTiaSbbCih,Bad and Boujee (feat. Lil Uzi Vert),WAP (feat. Megan Thee Stallion),0.1
0M9ydKzuF3oZTfYYPfaGX1,2DQNYMRjisN3KAPj1bEwOI,Bad and Boujee (feat. Lil Uzi Vert),"Lemonade (feat. Gunna, Don Toliver & NAV)",0.11
0M9ydKzuF3oZTfYYPfaGX1,7FIWs0pqAYbP91WWM0vlTQ,Bad and Boujee (feat. Lil Uzi Vert),Godzilla (feat. Juice WRLD),0.11
0M9ydKzuF3oZTfYYPfaGX1,0PvFJmanyNQMseIFrU708S,Bad and Boujee (feat. Lil Uzi Vert),For The Night (feat. Lil Baby & DaBaby),0.18
0M9ydKzuF3oZTfYYPfaGX1,2SAqBLGA283SUiwJ3xOUVI,Bad and Boujee (feat. Lil Uzi Vert),Laugh Now Cry Later (feat. Lil Durk),0.18
0M9ydKzuF3oZTfYYPfaGX1,4umIPjkehX1r7uhmGvXiSV,Bad and Boujee (feat. Lil Uzi Vert),Intentions (feat. Quavo),0.15
0M9ydKzuF3oZTfYYPfaGX1,2MbdDtCv5LUVjYy9RuGTgC,Bad and Boujee (feat. Lil Uzi Vert),"WHATS POPPIN (feat. DaBaby, Tory Lanez & Lil Wayne) - Remix",0.17
0M9ydKzuF3oZTfYYPfaGX1,6EDO9iiTtwNv6waLwa1UUq,Bad and Boujee (feat. Lil Uzi Vert),POPSTAR (feat. Drake),0.13
0M9ydKzuF3oZTfYYPfaGX1,3IB5qOeMayvpOdHxYCL5tZ,Bad and Boujee (feat. Lil Uzi Vert),ON (Feat. Sia),0.15
0M9ydKzuF3oZTfYYPfaGX1,4w47S36wQGBhGg073q3nt7,Bad and Boujee (feat. Lil Uzi Vert),TKN (feat. Travis Scott),0.15
0M9ydKzuF3oZTfYYPfaGX1,5Z9KJZvQzH6PFmb8SNkxuk,Bad and Boujee (feat. Lil Uzi Vert),INDUSTRY BABY (feat. Jack Harlow),0.13
0M9ydKzuF3oZTfYYPfaGX1,37Nqx7iavZpotJSDXZWbJ3,Bad and Boujee (feat. Lil Uzi Vert),Girls Want Girls (with Lil Baby),0.07
0M9ydKzuF3oZTfYYPfaGX1,3nY8AqaMNNHHLYV4380ol0,Bad and Boujee (feat. Lil Uzi Vert),Dick (feat. Doja Cat),0.12
0M9ydKzuF3oZTfYYPfaGX1,3F5CgOj3wFlRv51JsHbxhe,Bad and Boujee (feat. Lil Uzi Vert),Jimmy Cooks (feat. 21 Savage),0.14
0M9ydKzuF3oZTfYYPfaGX1,27NovPIUIRrOZoCHxABJwK,Bad and Boujee (feat. Lil Uzi Vert),INDUSTRY BABY (feat. Jack Harlow),0.13
0M9ydKzuF3oZTfYYPfaGX1,6T7FXSuXykeGktMLGp8WgE,Bad and Boujee (feat. Lil Uzi Vert),All My Life (feat. J. Cole),0.12
0e7ipj03S05BNilyu5bRzt,6HJ34Zyw6bg8yGm28AxLXf,rockstar (feat. 21 Savage),Look Alive (feat. Drake),0.13
0e7ipj03S05BNilyu5bRzt,0FZ4Dmg8jJJAPJnvBIzD9z,rockstar (feat. 21 Savage),ZEZE (feat. Travis Scott & Offset),0.12
0e7ipj03S05BNilyu5bRzt,2IRZnDFmlqMuOrYOLnZZyc,rockstar (feat. 21 Savage),Going Bad (feat. Drake),0.16
0e7ipj03S05BNilyu5bRzt,5OFlp1fOrfiSXOjw4wuSgy,rockstar (feat. 21 Savage),Shotta Flow (feat. Blueface) - Remix,0.11
0e7ipj03S05BNilyu5bRzt,7ytR5pFWmSjzHJIeQkgog4,rockstar (feat. 21 Savage),ROCKSTAR (feat. Roddy Ricch),0.32
0e7ipj03S05BNilyu5bRzt,5yY9lUy8nbvjM1Uyo1Uqoc,rockstar (feat. 21 Savage),Life Is Good (feat. Drake),0.15
0e7ipj03S05BNilyu5bRzt,4Oun2ylbjFKMPTiaSbbCih,rockstar (feat. 21 Savage),WAP (feat. Megan Thee Stallion),0.1
0e7ipj03S05BNilyu5bRzt,2DQNYMRjisN3KAPj1bEwOI,rockstar (feat. 21 Savage),"Lemonade (feat. Gunna, Don Toliver & NAV)",0.1
0e7ipj03S05BNilyu5bRzt,7FIWs0pqAYbP91WWM0vlTQ,rockstar (feat. 21 Savage),Godzilla (feat. Juice WRLD),0.14
0e7ipj03S05BNilyu5bRzt,0PvFJmanyNQMseIFrU708S,rockstar (feat. 21 Savage),For The Night (feat. Lil Baby & DaBaby),0.09
0e7ipj03S05BNilyu5bRzt,2SAqBLGA283SUiwJ3xOUVI,rockstar (feat. 21 Savage),Laugh Now Cry Later (feat. Lil Durk),0.08
0e7ipj03S05BNilyu5bRzt,4umIPjkehX1r7uhmGvXiSV,rockstar (feat. 21 Savage),Intentions (feat. Quavo),0.19
0e7ipj03S05BNilyu5bRzt,2MbdDtCv5LUVjYy9RuGTgC,rockstar (feat. 21 Savage),"WHATS POPPIN (feat. DaBaby, Tory Lanez & Lil Wayne) - Remix",0.08
0e7ipj03S05BNilyu5bRzt,6EDO9iiTtwNv6waLwa1UUq,rockstar (feat. 21 Savage),POPSTAR (feat. Drake),0.16
0e7ipj03S05BNilyu5bRzt,3IB5qOeMayvpOdHxYCL5tZ,rockstar (feat. 21 Savage),ON (Feat. Sia),0.2
0e7ipj03S05BNilyu5bRzt,4w47S36wQGBhGg073q3nt7,rockstar (feat. 21 Savage),TKN (feat. Travis Scott),0.17
0e7ipj03S05BNilyu5bRzt,5Z9KJZvQzH6PFmb8SNkxuk,rockstar (feat. 21 Savage),INDUSTRY BABY (feat. Jack Harlow),0.16
0e7ipj03S05BNilyu5bRzt,3nY8AqaMNNHHLYV4380ol0,rockstar (feat. 21 Savage),Dick (feat. Doja Cat),0.15
0e7ipj03S05BNilyu5bRzt,3F5CgOj3wFlRv51JsHbxhe,rockstar (feat. 21 Savage),Jimmy Cooks (feat. 21 Savage),0.53
0e7ipj03S05BNilyu5bRzt,27NovPIUIRrOZoCHxABJwK,rockstar (feat. 21 Savage),INDUSTRY BABY (feat. Jack Harlow),0.16
0e7ipj03S05BNilyu5bRzt,6T7FXSuXykeGktMLGp8WgE,rockstar (feat. 21 Savage),All My Life (feat. J. Cole),0.12
7sO5G9EABYOXQKNPNiE9NR,4kV4N9D1iKVxx1KLvtTpjS,Ric Flair Drip (with Metro Boomin),"break up with your girlfriend, i'm bored",0.08
7sO5G9EABYOXQKNPNiE9NR,5GkQIP5mWPi4KZLLXeuFTT,Ric Flair Drip (with Metro Boomin),motive (with Doja Cat),0.11
7sO5G9EABYOXQKNPNiE9NR,37Nqx7iavZpotJSDXZWbJ3,Ric Flair Drip (with Metro Boomin),Girls Want Girls (with Lil Baby),0.12
6n4U3TlzUGhdSFbUUhTvLP,1ZAyjvIk9YiD76yYy0TEG6,Walk It Talk It,Plug Walk,0.29
6HJ34Zyw6bg8yGm28AxLXf,0FZ4Dmg8jJJAPJnvBIzD9z,Look Alive (feat. Drake),ZEZE (feat. Travis Scott & Offset),0.1
6HJ34Zyw6bg8yGm28AxLXf,2IRZnDFmlqMuOrYOLnZZyc,Look Alive (feat. Drake),Going Bad (feat. Drake),0.33
6HJ34Zyw6bg8yGm28AxLXf,5OFlp1fOrfiSXOjw4wuSgy,Look Alive (feat. Drake),Shotta Flow (feat. Blueface) - Remix,0.1
6HJ34Zyw6bg8yGm28AxLXf,7ytR5pFWmSjzHJIeQkgog4,Look Alive (feat. Drake),ROCKSTAR (feat. Roddy Ricch),0.14
6HJ34Zyw6bg8yGm28AxLXf,5yY9lUy8nbvjM1Uyo1Uqoc,Look Alive (feat. Drake),Life Is Good (feat. Drake),0.33
6HJ34Zyw6bg8yGm28AxLXf,4Oun2ylbjFKMPTiaSbbCih,Look Alive (feat. Drake),WAP (feat. Megan Thee Stallion),0.1
6HJ34Zyw6bg8yGm28AxLXf,2DQNYMRjisN3KAPj1bEwOI,Look Alive (feat. Drake),"Lemonade (feat. Gunna, Don Toliver & NAV)",0.13
6HJ34Zyw6bg8yGm28AxLXf,7FIWs0pqAYbP91WWM0vlTQ,Look Alive (feat. Drake),Godzilla (feat. Juice WRLD),0.13
6HJ34Zyw6bg8yGm28AxLXf,0PvFJmanyNQMseIFrU708S,Look Alive (feat. Drake),For The Night (feat. Lil Baby & DaBaby),0.06
6HJ34Zyw6bg8yGm28AxLXf,2SAqBLGA283SUiwJ3xOUVI,Look Alive (feat. Drake),Laugh Now Cry Later (feat. Lil Durk),0.12
6HJ34Zyw6bg8yGm28AxLXf,4umIPjkehX1r7uhmGvXiSV,Look Alive (feat. Drake),Intentions (feat. Quavo),0.17
6HJ34Zyw6bg8yGm28AxLXf,2MbdDtCv5LUVjYy9RuGTgC,Look Alive (feat. Drake),"WHATS POPPIN (feat. DaBaby, Tory Lanez & Lil Wayne) - Remix",0.08
6HJ34Zyw6bg8yGm28AxLXf,6EDO9iiTtwNv6waLwa1UUq,Look Alive (feat. Drake),POPSTAR (feat. Drake),0.44
6HJ34Zyw6bg8yGm28AxLXf,3IB5qOeMayvpOdHxYCL5tZ,Look Alive (feat. Drake),ON (Feat. Sia),0.21
6HJ34Zyw6bg8yGm28AxLXf,4w47S36wQGBhGg073q3nt7,Look Alive (feat. Drake),TKN (feat. Travis Scott),0.11
6HJ34Zyw6bg8yGm28AxLXf,5Z9KJZvQzH6PFmb8SNkxuk,Look Alive (feat. Drake),INDUSTRY BABY (feat. Jack Harlow),0.18
6HJ34Zyw6bg8yGm28AxLXf,3nY8AqaMNNHHLYV4380ol0,Look Alive (feat. Drake),Dick (feat. Doja Cat),0.13
6HJ34Zyw6bg8yGm28AxLXf,3F5CgOj3wFlRv51JsHbxhe,Look Alive (feat. Drake),Jimmy Cooks (feat. 21 Savage),0.15
6HJ34Zyw6bg8yGm28AxLXf,27NovPIUIRrOZoCHxABJwK,Look Alive (feat. Drake),INDUSTRY BABY (feat. Jack Harlow),0.18
6HJ34Zyw6bg8yGm28AxLXf,6T7FXSuXykeGktMLGp8WgE,Look Alive (feat. Drake),All My Life (feat. J. Cole),0.11
0b9oOr2ZgvyQu88wzixux9,5yY9lUy8nbvjM1Uyo1Uqoc,This Is America,Life Is Good (feat. Drake),0.14
0RiRZpuVRbi7oqRdSMwhQY,0FZ4Dmg8jJJAPJnvBIzD9z,Sunflower - Spider-Man: Into the Spider-Verse,ZEZE (feat. Travis Scott & Offset),0.06
0RiRZpuVRbi7oqRdSMwhQY,2YpeDb67231RjR0MgVLzsG,Sunflower - Spider-Man: Into the Spider-Verse,Old Town Road - Remix,0.06
0RiRZpuVRbi7oqRdSMwhQY,5OFlp1fOrfiSXOjw4wuSgy,Sunflower - Spider-Man: Into the Spider-Verse,Shotta Flow (feat. Blueface) - Remix,0.07
0RiRZpuVRbi7oqRdSMwhQY,0nbXyq5TXYPCO7pr3N8S4I,Sunflower - Spider-Man: Into the Spider-Verse,The Box,0.14
0RiRZpuVRbi7oqRdSMwhQY,2DQNYMRjisN3KAPj1bEwOI,Sunflower - Spider-Man: Into the Spider-Verse,"Lemonade (feat. Gunna, Don Toliver & NAV)",0.08
0RiRZpuVRbi7oqRdSMwhQY,0PvFJmanyNQMseIFrU708S,Sunflower - Spider-Man: Into the Spider-Verse,For The Night (feat. Lil Baby & DaBaby),0.14
0RiRZpuVRbi7oqRdSMwhQY,3eekarcy7kvN4yt5ZFzltW,Sunflower - Spider-Man: Into the Spider-Verse,HIGHEST IN THE ROOM,0.11
0RiRZpuVRbi7oqRdSMwhQY,2MbdDtCv5LUVjYy9RuGTgC,Sunflower - Spider-Man: Into the Spider-Verse,"WHATS POPPIN (feat. DaBaby, Tory Lanez & Lil Wayne) - Remix",0.05
0RiRZpuVRbi7oqRdSMwhQY,39Yp9wwQiSRIDOvrVg7mbk,Sunflower - Spider-Man: Into the Spider-Verse,THE SCOTTS,0.15
0RiRZpuVRbi7oqRdSMwhQY,3Ofmpyhv5UAQ70mENzB277,Sunflower - Spider-Man: Into the Spider-Verse,Astronaut In The Ocean,0.09
0FZ4Dmg8jJJAPJnvBIzD9z,2IRZnDFmlqMuOrYOLnZZyc,ZEZE (feat. Travis Scott & Offset),Going Bad (feat. Drake),0.1
0FZ4Dmg8jJJAPJnvBIzD9z,2YpeDb67231RjR0MgVLzsG,ZEZE (feat. Travis Scott & Offset),Old Town Road - Remix,0.06
0FZ4Dmg8jJJAPJnvBIzD9z,5OFlp1fOrfiSXOjw4wuSgy,ZEZE (feat. Travis Scott & Offset),Shotta Flow (feat. Blueface) - Remix,0.15
0FZ4Dmg8jJJAPJnvBIzD9z,7ytR5pFWmSjzHJIeQkgog4,ZEZE (feat. Travis Scott & Offset),ROCKSTAR (feat. Roddy Ricch),0.1
0FZ4Dmg8jJJAPJnvBIzD9z,5yY9lUy8nbvjM1Uyo1Uqoc,ZEZE (feat. Travis Scott & Offset),Life Is Good (feat. Drake),0.14
0FZ4Dmg8jJJAPJnvBIzD9z,4Oun2ylbjFKMPTiaSbbCih,ZEZE (feat. Travis Scott & Offset),WAP (feat. Megan Thee Stallion),0.08
0FZ4Dmg8jJJAPJnvBIzD9z,2DQNYMRjisN3KAPj1bEwOI,ZEZE (feat. Travis Scott & Offset),"Lemonade (feat. Gunna, Don Toliver & NAV)",0.16
0FZ4Dmg8jJJAPJnvBIzD9z,7FIWs0pqAYbP91WWM0vlTQ,ZEZE (feat. Travis Scott & Offset),Godzilla (feat. Juice WRLD),0.11
0FZ4Dmg8jJJAPJnvBIzD9z,0PvFJmanyNQMseIFrU708S,ZEZE (feat. Travis Scott & Offset),For The Night (feat. Lil Baby & DaBaby),0.12
0FZ4Dmg8jJJAPJnvBIzD9z,2SAqBLGA283SUiwJ3xOUVI,ZEZE (feat. Travis Scott & Offset),Laugh Now Cry Later (feat. Lil Durk),0.11
0FZ4Dmg8jJJAPJnvBIzD9z,4umIPjkehX1r7uhmGvXiSV,ZEZE (feat. Travis Scott & Offset),Intentions (feat. Quavo),0.13
0FZ4Dmg8jJJAPJnvBIzD9z,2MbdDtCv5LUVjYy9RuGTgC,ZEZE (feat. Travis Scott & Offset),"WHATS POPPIN (feat. DaBaby, Tory Lanez & Lil Wayne) - Remix",0.12
0FZ4Dmg8jJJAPJnvBIzD9z,6EDO9iiTtwNv6waLwa1UUq,ZEZE (feat. Travis Scott & Offset),POPSTAR (feat. Drake),0.12
0FZ4Dmg8jJJAPJnvBIzD9z,3IB5qOeMayvpOdHxYCL5tZ,ZEZE (feat. Travis Scott & Offset),ON (Feat. Sia),0.13
0FZ4Dmg8jJJAPJnvBIzD9z,4w47S36wQGBhGg073q3nt7,ZEZE (feat. Travis Scott & Offset),TKN (feat. Travis Scott),0.39
0FZ4Dmg8jJJAPJnvBIzD9z,5Z9KJZvQzH6PFmb8SNkxuk,ZEZE (feat. Travis Scott & Offset),INDUSTRY BABY (feat. Jack Harlow),0.12
0FZ4Dmg8jJJAPJnvBIzD9z,3nY8AqaMNNHHLYV4380ol0,ZEZE (feat. Travis Scott & Offset),Dick (feat. Doja Cat),0.12
0FZ4Dmg8jJJAPJnvBIzD9z,3F5CgOj3wFlRv51JsHbxhe,ZEZE (feat. Travis Scott & Offset),Jimmy Cooks (feat. 21 Savage),0.12
0FZ4Dmg8jJJAPJnvBIzD9z,27NovPIUIRrOZoCHxABJwK,ZEZE (feat. Travis Scott & Offset),INDUSTRY BABY (feat. Jack Harlow),0.12
0FZ4Dmg8jJJAPJnvBIzD9z,6T7FXSuXykeGktMLGp8WgE,ZEZE (feat. Travis Scott & Offset),All My Life (feat. J. Cole),0.1
2IRZnDFmlqMuOrYOLnZZyc,5OFlp1fOrfiSXOjw4wuSgy,Going Bad (feat. Drake),Shotta Flow (feat. Blueface) - Remix,0.12
2IRZnDFmlqMuOrYOLnZZyc,7ytR5pFWmSjzHJIeQkgog4,Going Bad (feat. Drake),ROCKSTAR (feat. Roddy Ricch),0.14
2IRZnDFmlqMuOrYOLnZZyc,5yY9lUy8nbvjM1Uyo1Uqoc,Going Bad (feat. Drake),Life Is Good (feat. Drake),0.3
2IRZnDFmlqMuOrYOLnZZyc,4Oun2ylbjFKMPTiaSbbCih,Going Bad (feat. Drake),WAP (feat. Megan Thee Stallion),0.09
2IRZnDFmlqMuOrYOLnZZyc,2DQNYMRjisN3KAPj1bEwOI,Going Bad (feat. Drake),"Lemonade (feat. Gunna, Don Toliver & NAV)",0.14
2IRZnDFmlqMuOrYOLnZZyc,7FIWs0pqAYbP91WWM0vlTQ,Going Bad (feat. Drake),Godzilla (feat. Juice WRLD),0.12
2IRZnDFmlqMuOrYOLnZZyc,0PvFJmanyNQMseIFrU708S,Going Bad (feat. Drake),For The Night (feat. Lil Baby & DaBaby),0.1
2IRZnDFmlqMuOrYOLnZZyc,2SAqBLGA283SUiwJ3xOUVI,Going Bad (feat. Drake),Laugh Now Cry Later (feat. Lil Durk),0.09
2IRZnDFmlqMuOrYOLnZZyc,4umIPjkehX1r7uhmGvXiSV,Going Bad (feat. Drake),Intentions (feat. Quavo),0.21
2IRZnDFmlqMuOrYOLnZZyc,2MbdDtCv5LUVjYy9RuGTgC,Going Bad (feat. Drake),"WHATS POPPIN (feat. DaBaby, Tory Lanez & Lil Wayne) - Remix",0.08
2IRZnDFmlqMuOrYOLnZZyc,6EDO9iiTtwNv6waLwa1UUq,Going Bad (feat. Drake),POPSTAR (feat. Drake),0.39
2IRZnDFmlqMuOrYOLnZZyc,3IB5qOeMayvpOdHxYCL5tZ,Going Bad (feat. Drake),ON (Feat. Sia),0.21
2IRZnDFmlqMuOrYOLnZZyc,4w47S36wQGBhGg073q3nt7,Going Bad (feat. Drake),TKN (feat. Travis Scott),0.15
2IRZnDFmlqMuOrYOLnZZyc,5Z9KJZvQzH6PFmb8SNkxuk,Going Bad (feat. Drake),INDUSTRY BABY (feat. Jack Harlow),0.17
2IRZnDFmlqMuOrYOLnZZyc,3nY8AqaMNNHHLYV4380ol0,Going Bad (feat. Drake),Dick (feat. Doja Cat),0.17
2IRZnDFmlqMuOrYOLnZZyc,3F5CgOj3wFlRv51JsHbxhe,Going Bad (feat. Drake),Jimmy Cooks (feat. 21 Savage),0.19
2IRZnDFmlqMuOrYOLnZZyc,27NovPIUIRrOZoCHxABJwK,Going Bad (feat. Drake),INDUSTRY BABY (feat. Jack Harlow),0.17
2IRZnDFmlqMuOrYOLnZZyc,6T7FXSuXykeGktMLGp8WgE,Going Bad (feat. Drake),All My Life (feat. J. Cole),0.1
4kV4N9D1iKVxx1KLvtTpjS,5GkQIP5mWPi4KZLLXeuFTT,"break up with your girlfriend, i'm bored",motive (with Doja Cat),0.1
4kV4N9D1iKVxx1KLvtTpjS,1XXimziG1uhM0eDNCZCrUl,"break up with your girlfriend, i'm bored",Up,0.11
4kV4N9D1iKVxx1KLvtTpjS,37Nqx7iavZpotJSDXZWbJ3,"break up with your girlfriend, i'm bored",Girls Want Girls (with Lil Baby),0.12
2YpeDb67231RjR0MgVLzsG,5OFlp1fOrfiSXOjw4wuSgy,Old Town Road - Remix,Shotta Flow (feat. Blueface) - Remix,0.23
2YpeDb67231RjR0MgVLzsG,0F7FA14euOIX8KcbEturGH,Old Town Road - Remix,Old Town Road,0.63
2YpeDb67231RjR0MgVLzsG,2DQNYMRjisN3KAPj1bEwOI,Old Town Road - Remix,"Lemonade (feat. Gunna, Don Toliver & NAV)",0.06
2YpeDb67231RjR0MgVLzsG,0PvFJmanyNQMseIFrU708S,Old Town Road - Remix,For The Night (feat. Lil Baby & DaBaby),0.04
2YpeDb67231RjR0MgVLzsG,2MbdDtCv5LUVjYy9RuGTgC,Old Town Road - Remix,"WHATS POPPIN (feat. DaBaby, Tory Lanez & Lil Wayne) - Remix",0.16
5OFlp1fOrfiSXOjw4wuSgy,7ytR5pFWmSjzHJIeQkgog4,Shotta Flow (feat. Blueface) - Remix,ROCKSTAR (feat. Roddy Ricch),0.1
5OFlp1fOrfiSXOjw4wuSgy,5yY9lUy8nbvjM1Uyo1Uqoc,Shotta Flow (feat. Blueface) - Remix,Life Is Good (feat. Drake),0.11
5OFlp1fOrfiSXOjw4wuSgy,4Oun2ylbjFKMPTiaSbbCih,Shotta Flow (feat. Blueface) - Remix,WAP (feat. Megan Thee Stallion),0.1
5OFlp1fOrfiSXOjw4wuSgy,2DQNYMRjisN3KAPj1bEwOI,Shotta Flow (feat. Blueface) - Remix,"Lemonade (feat. Gunna, Don Toliver & NAV)",0.16
5OFlp1fOrfiSXOjw4wuSgy,7FIWs0pqAYbP91WWM0vlTQ,Shotta Flow (feat. Blueface) - Remix,Godzilla (feat. Juice WRLD),0.1
5OFlp1fOrfiSXOjw4wuSgy,0PvFJmanyNQMseIFrU708S,Shotta Flow (feat. Blueface) - Remix,For The Night (feat. Lil Baby & DaBaby),0.12
5OFlp1fOrfiSXOjw4wuSgy,2SAqBLGA283SUiwJ3xOUVI,Shotta Flow (feat. Blueface) - Remix,Laugh Now Cry Later (feat. Lil Durk),0.1
5OFlp1fOrfiSXOjw4wuSgy,4umIPjkehX1r7uhmGvXiSV,Shotta Flow (feat. Blueface) - Remix,Intentions (feat. Quavo),0.15
5OFlp1fOrfiSXOjw4wuSgy,2MbdDtCv5LUVjYy9RuGTgC,Shotta Flow (feat. Blueface) - Remix,"WHATS POPPIN (feat. DaBaby, Tory Lanez & Lil Wayne) - Remix",0.23
5OFlp1fOrfiSXOjw4wuSgy,6EDO9iiTtwNv6waLwa1UUq,Shotta Flow (feat. Blueface) - Remix,POPSTAR (feat. Drake),0.12
5OFlp1fOrfiSXOjw4wuSgy,3IB5qOeMayvpOdHxYCL5tZ,Shotta Flow (feat. Blueface) - Remix,ON (Feat. Sia),0.11
5OFlp1fOrfiSXOjw4wuSgy,4w47S36wQGBhGg073q3nt7,Shotta Flow (feat. Blueface) - Remix,TKN (feat. Travis Scott),0.13
5OFlp1fOrfiSXOjw4wuSgy,5Z9KJZvQzH6PFmb8SNkxuk,Shotta Flow (feat. Blueface) - Remix,INDUSTRY BABY (feat. Jack Harlow),0.12
5OFlp1fOrfiSXOjw4wuSgy,3nY8AqaMNNHHLYV4380ol0,Shotta Flow (feat. Blueface) - Remix,Dick (feat. Doja Cat),0.1
5OFlp1fOrfiSXOjw4wuSgy,3F5CgOj3wFlRv51JsHbxhe,Shotta Flow (feat. Blueface) - Remix,Jimmy Cooks (feat. 21 Savage),0.12
5OFlp1fOrfiSXOjw4wuSgy,27NovPIUIRrOZoCHxABJwK,Shotta Flow (feat. Blueface) - Remix,INDUSTRY BABY (feat. Jack Harlow),0.12
5OFlp1fOrfiSXOjw4wuSgy,6T7FXSuXykeGktMLGp8WgE,Shotta Flow (feat. Blueface) - Remix,All My Life (feat. J. Cole),0.11
0nbXyq5TXYPCO7pr3N8S4I,0PvFJmanyNQMseIFrU708S,The Box,For The Night (feat. Lil Baby & DaBaby),0.13
0nbXyq5TXYPCO7pr3N8S4I,3eekarcy7kvN4yt5ZFzltW,The Box,HIGHEST IN THE ROOM,0.24
0nbXyq5TXYPCO7pr3N8S4I,39Yp9wwQiSRIDOvrVg7mbk,The Box,THE SCOTTS,0.39
0nbXyq5TXYPCO7pr3N8S4I,3Ofmpyhv5UAQ70mENzB277,The Box,Astronaut In The Ocean,0.2
7ytR5pFWmSjzHJIeQkgog4,5yY9lUy8nbvjM1Uyo1Uqoc,ROCKSTAR (feat. Roddy Ricch),Life Is Good (feat. Drake),0.15
7ytR5pFWmSjzHJIeQkgog4,4Oun2ylbjFKMPTiaSbbCih,ROCKSTAR (feat. Roddy Ricch),WAP (feat. Megan Thee Stallion),0.09
7ytR5pFWmSjzHJIeQkgog4,2DQNYMRjisN3KAPj1bEwOI,ROCKSTAR (feat. Roddy Ricch),"Lemonade (feat. Gunna, Don Toliver & NAV)",0.12
7ytR5pFWmSjzHJIeQkgog4,7FIWs0pqAYbP91WWM0vlTQ,ROCKSTAR (feat. Roddy Ricch),Godzilla (feat. Juice WRLD),0.16
7ytR5pFWmSjzHJIeQkgog4,0PvFJmanyNQMseIFrU708S,ROCKSTAR (feat. Roddy Ricch),For The Night (feat. Lil Baby & DaBaby),0.08
7ytR5pFWmSjzHJIeQkgog4,2SAqBLGA283SUiwJ3xOUVI,ROCKSTAR (feat. Roddy Ricch),Laugh Now Cry Later (feat. Lil Durk),0.12
7ytR5pFWmSjzHJIeQkgog4,4umIPjkehX1r7uhmGvXiSV,ROCKSTAR (feat. Roddy Ricch),Intentions (feat. Quavo),0.16
7ytR5pFWmSjzHJIeQkgog4,2MbdDtCv5LUVjYy9RuGTgC,ROCKSTAR (feat. Roddy Ricch),"WHATS POPPIN (feat. DaBaby, Tory Lanez & Lil Wayne) - Remix",0.09
7ytR5pFWmSjzHJIeQkgog4,6EDO9iiTtwNv6waLwa1UUq,ROCKSTAR (feat. Roddy Ricch),POPSTAR (feat. Drake),0.17
7ytR5pFWmSjzHJIeQkgog4,3IB5qOeMayvpOdHxYCL5tZ,ROCKSTAR (feat. Roddy Ricch),ON (Feat. Sia),0.21
7ytR5pFWmSjzHJIeQkgog4,4w47S36wQGBhGg073q3nt7,ROCKSTAR (feat. Roddy Ricch),TKN (feat. Travis Scott),0.15
7ytR5pFWmSjzHJIeQkgog4,5Z9KJZvQzH6PFmb8SNkxuk,ROCKSTAR (feat. Roddy Ricch),INDUSTRY BABY (feat. Jack Harlow),0.18
7ytR5pFWmSjzHJIeQkgog4,3nY8AqaMNNHHLYV4380ol0,ROCKSTAR (feat. Roddy Ricch),Dick (feat. Doja Cat),0.14
7ytR5pFWmSjzHJIeQkgog4,3F5CgOj3wFlRv51JsHbxhe,ROCKSTAR (feat. Roddy Ricch),Jimmy Cooks (feat. 21 Savage),0.16
7ytR5pFWmSjzHJIeQkgog4,27NovPIUIRrOZoCHxABJwK,ROCKSTAR (feat. Roddy Ricch),INDUSTRY BABY (feat. Jack Harlow),0.18
7ytR5pFWmSjzHJIeQkgog4,6T7FXSuXykeGktMLGp8WgE,ROCKSTAR (feat. Roddy Ricch),All My Life (feat. J. Cole),0.12
5yY9lUy8nbvjM1Uyo1Uqoc,4Oun2ylbjFKMPTiaSbbCih,Life Is Good (feat. Drake),WAP (feat. Megan Thee Stallion),0.09
5yY9lUy8nbvjM1Uyo1Uqoc,2DQNYMRjisN3KAPj1bEwOI,Life Is Good (feat. Drake),"Lemonade (feat. Gunna, Don Toliver & NAV)",0.1
5yY9lUy8nbvjM1Uyo1Uqoc,7FIWs0pqAYbP91WWM0vlTQ,Life Is Good (feat. Drake),Godzilla (feat. Juice WRLD),0.15
5yY9lUy8nbvjM1Uyo1Uqoc,0PvFJmanyNQMseIFrU708S,Life Is Good (feat. Drake),For The Night (feat. Lil Baby & DaBaby),0.07
5yY9lUy8nbvjM1Uyo1Uqoc,2SAqBLGA283SUiwJ3xOUVI,Life Is Good (feat. Drake),Laugh Now Cry Later (feat. Lil Durk),0.12
5yY9lUy8nbvjM1Uyo1Uqoc,4umIPjkehX1r7uhmGvXiSV,Life Is Good (feat. Drake),Intentions (feat. Quavo),0.17
5yY9lUy8nbvjM1Uyo1Uqoc,2MbdDtCv5LUVjYy9RuGTgC,Life Is Good (feat. Drake),"WHATS POPPIN (feat. DaBaby, Tory Lanez & Lil Wayne) - Remix",0.09
5yY9lUy8nbvjM1Uyo1Uqoc,6EDO9iiTtwNv6waLwa1UUq,Life Is Good (feat. Drake),POPSTAR (feat. Drake),0.36
5yY9lUy8nbvjM1Uyo1Uqoc,3IB5qOeMayvpOdHxYCL5tZ,Life Is Good (feat. Drake),ON (Feat. Sia),0.2
5yY9lUy8nbvjM1Uyo1Uqoc,4w47S36wQGBhGg073q3nt7,Life Is Good (feat. Drake),TKN (feat. Travis Scott),0.15
5yY9lUy8nbvjM1Uyo1Uqoc,5Z9KJZvQzH6PFmb8SNkxuk,Life Is Good (feat. Drake),INDUSTRY BABY (feat. Jack Harlow),0.16
5yY9lUy8nbvjM1Uyo1Uqoc,3nY8AqaMNNHHLYV4380ol0,Life Is Good (feat. Drake),Dick (feat. Doja Cat),0.15
5yY9lUy8nbvjM1Uyo1Uqoc,3F5CgOj3wFlRv51JsHbxhe,Life Is Good (feat. Drake),Jimmy Cooks (feat. 21 Savage),0.18
5yY9lUy8nbvjM1Uyo1Uqoc,27NovPIUIRrOZoCHxABJwK,Life Is Good (feat. Drake),INDUSTRY BABY (feat. Jack Harlow),0.16
5yY9lUy8nbvjM1Uyo1Uqoc,6T7FXSuXykeGktMLGp8WgE,Life Is Good (feat. Drake),All My Life (feat. J. Cole),0.2
4Oun2ylbjFKMPTiaSbbCih,2DQNYMRjisN3KAPj1bEwOI,WAP (feat. Megan Thee Stallion),"Lemonade (feat. Gunna, Don Toliver & NAV)",0.12
4Oun2ylbjFKMPTiaSbbCih,7FIWs0pqAYbP91WWM0vlTQ,WAP (feat. Megan Thee Stallion),Godzilla (feat. Juice WRLD),0.1
4Oun2ylbjFKMPTiaSbbCih,0PvFJmanyNQMseIFrU708S,WAP (feat. Megan Thee Stallion),For The Night (feat. Lil Baby & DaBaby),0.07
4Oun2ylbjFKMPTiaSbbCih,2SAqBLGA283SUiwJ3xOUVI,WAP (feat. Megan Thee Stallion),Laugh Now Cry Later (feat. Lil Durk),0.09
4Oun2ylbjFKMPTiaSbbCih,4umIPjkehX1r7uhmGvXiSV,WAP (feat. Megan Thee Stallion),Intentions (feat. Quavo),0.14
4Oun2ylbjFKMPTiaSbbCih,2MbdDtCv5LUVjYy9RuGTgC,WAP (feat. Megan Thee Stallion),"WHATS POPPIN (feat. DaBaby, Tory Lanez & Lil Wayne) - Remix",0.07
4Oun2ylbjFKMPTiaSbbCih,6EDO9iiTtwNv6waLwa1UUq,WAP (feat. Megan Thee Stallion),POPSTAR (feat. Drake),0.12
4Oun2ylbjFKMPTiaSbbCih,3IB5qOeMayvpOdHxYCL5tZ,WAP (feat. Megan Thee Stallion),ON (Feat. Sia),0.11
4Oun2ylbjFKMPTiaSbbCih,4w47S36wQGBhGg073q3nt7,WAP (feat. Megan Thee Stallion),TKN (feat. Travis Scott),0.11
4Oun2ylbjFKMPTiaSbbCih,5Z9KJZvQzH6PFmb8SNkxuk,WAP (feat. Megan Thee Stallion),INDUSTRY BABY (feat. Jack Harlow),0.12
4Oun2ylbjFKMPTiaSbbCih,3nY8AqaMNNHHLYV4380ol0,WAP (feat. Megan Thee Stallion),Dick (feat. Doja Cat),0.1
4Oun2ylbjFKMPTiaSbbCih,3F5CgOj3wFlRv51JsHbxhe,WAP (feat. Megan Thee Stallion),Jimmy Cooks (feat. 21 Savage),0.13
4Oun2ylbjFKMPTiaSbbCih,27NovPIUIRrOZoCHxABJwK,WAP (feat. Megan Thee Stallion),INDUSTRY BABY (feat. Jack Harlow),0.12
4Oun2ylbjFKMPTiaSbbCih,6T7FXSuXykeGktMLGp8WgE,WAP (feat. Megan Thee Stallion),All My Life (feat. J. Cole),0.08
2DQNYMRjisN3KAPj1bEwOI,7FIWs0pqAYbP91WWM0vlTQ,"Lemonade (feat. Gunna, Don Toliver & NAV)",Godzilla (feat. Juice WRLD),0.11
2DQNYMRjisN3KAPj1bEwOI,0PvFJmanyNQMseIFrU708S,"Lemonade (feat. Gunna, Don Toliver & NAV)",For The Night (feat. Lil Baby & DaBaby),0.14
2DQNYMRjisN3KAPj1bEwOI,2SAqBLGA283SUiwJ3xOUVI,"Lemonade (feat. Gunna, Don Toliver & NAV)",Laugh Now Cry Later (feat. Lil Durk),0.1
2DQNYMRjisN3KAPj1bEwOI,4umIPjkehX1r7uhmGvXiSV,"Lemonade (feat. Gunna, Don Toliver & NAV)",Intentions (feat. Quavo),0.15
2DQNYMRjisN3KAPj1bEwOI,2MbdDtCv5LUVjYy9RuGTgC,"Lemonade (feat. Gunna, Don Toliver & NAV)","WHATS POPPIN (feat. DaBaby, Tory Lanez & Lil Wayne) - Remix",0.12
2DQNYMRjisN3KAPj1bEwOI,6EDO9iiTtwNv6waLwa1UUq,"Lemonade (feat. Gunna, Don Toliver & NAV)",POPSTAR (feat. Drake),0.16
2DQNYMRjisN3KAPj1bEwOI,3IB5qOeMayvpOdHxYCL5tZ,"Lemonade (feat. Gunna, Don Toliver & NAV)",ON (Feat. Sia),0.16
2DQNYMRjisN3KAPj1bEwOI,4w47S36wQGBhGg073q3nt7,"Lemonade (feat. Gunna, Don Toliver & NAV)",TKN (feat. Travis Scott),0.1
2DQNYMRjisN3KAPj1bEwOI,5Z9KJZvQzH6PFmb8SNkxuk,"Lemonade (feat. Gunna, Don Toliver & NAV)",INDUSTRY BABY (feat. Jack Harlow),0.13
2DQNYMRjisN3KAPj1bEwOI,02kDW379Yfd5PzW5A6vuGt,"Lemonade (feat. Gunna, Don Toliver & NAV)",Lemonade,0.11
2DQNYMRjisN3KAPj1bEwOI,3nY8AqaMNNHHLYV4380ol0,"Lemonade (feat. Gunna, Don Toliver & NAV)",Dick (feat. Doja Cat),0.11
2DQNYMRjisN3KAPj1bEwOI,3F5CgOj3wFlRv51JsHbxhe,"Lemonade (feat. Gunna, Don Toliver & NAV)",Jimmy Cooks (feat. 21 Savage),0.13
2DQNYMRjisN3KAPj1bEwOI,27NovPIUIRrOZoCHxABJwK,"Lemonade (feat. Gunna, Don Toliver & NAV)",INDUSTRY BABY (feat. Jack Harlow),0.13
2DQNYMRjisN3KAPj1bEwOI,6T7FXSuXykeGktMLGp8WgE,"Lemonade (feat. Gunna, Don Toliver & NAV)",All My Life (feat. J. Cole),0.08
7FIWs0pqAYbP91WWM0vlTQ,0PvFJmanyNQMseIFrU708S,Godzilla (feat. Juice WRLD),For The Night (feat. Lil Baby & DaBaby),0.08
7FIWs0pqAYbP91WWM0vlTQ,2SAqBLGA283SUiwJ3xOUVI,Godzilla (feat. Juice WRLD),Laugh Now Cry Later (feat. Lil Durk),0.12
7FIWs0pqAYbP91WWM0vlTQ,4umIPjkehX1r7uhmGvXiSV,Godzilla (feat. Juice WRLD),Intentions (feat. Quavo),0.14
7FIWs0pqAYbP91WWM0vlTQ,2MbdDtCv5LUVjYy9RuGTgC,Godzilla (feat. Juice WRLD),"WHATS POPPIN (feat. DaBaby, Tory Lanez & Lil Wayne) - Remix",0.07
7FIWs0pqAYbP91WWM0vlTQ,6EDO9iiTtwNv6waLwa1UUq,Godzilla (feat. Juice WRLD),POPSTAR (feat. Drake),0.16
7FIWs0pqAYbP91WWM0vlTQ,3IB5qOeMayvpOdHxYCL5tZ,Godzilla (feat. Juice WRLD),ON (Feat. Sia),0.19
7FIWs0pqAYbP91WWM0vlTQ,4w47S36wQGBhGg073q3nt7,Godzilla (feat. Juice WRLD),TKN (feat. Travis Scott),0.13
7FIWs0pqAYbP91WWM0vlTQ,5Z9KJZvQzH6PFmb8SNkxuk,Godzilla (feat. Juice WRLD),INDUSTRY BABY (feat. Jack Harlow),0.16
7FIWs0pqAYbP91WWM0vlTQ,3nY8AqaMNNHHLYV4380ol0,Godzilla (feat. Juice WRLD),Dick (feat. Doja Cat),0.16
7FIWs0pqAYbP91WWM0vlTQ,3F5CgOj3wFlRv51JsHbxhe,Godzilla (feat. Juice WRLD),Jimmy Cooks (feat. 21 Savage),0.16
7FIWs0pqAYbP91WWM0vlTQ,27NovPIUIRrOZoCHxABJwK,Godzilla (feat. Juice WRLD),INDUSTRY BABY (feat. Jack Harlow),0.16
7FIWs0pqAYbP91WWM0vlTQ,6T7FXSuXykeGktMLGp8WgE,Godzilla (feat. Juice WRLD),All My Life (feat. J. Cole),0.12
5GkQIP5mWPi4KZLLXeuFTT,37Nqx7iavZpotJSDXZWbJ3,motive (with Doja Cat),Girls Want Girls (with Lil Baby),0.15
5GkQIP5mWPi4KZLLXeuFTT,3nY8AqaMNNHHLYV4380ol0,motive (with Doja Cat),Dick (feat. Doja Cat),0.31
0PvFJmanyNQMseIFrU708S,2SAqBLGA283SUiwJ3xOUVI,For The Night (feat. Lil Baby & DaBaby),Laugh Now Cry Later (feat. Lil Durk),0.16
0PvFJmanyNQMseIFrU708S,3eekarcy7kvN4yt5ZFzltW,For The Night (feat. Lil Baby & DaBaby),HIGHEST IN THE ROOM,0.11
0PvFJmanyNQMseIFrU708S,4umIPjkehX1r7uhmGvXiSV,For The Night (feat. Lil Baby & DaBaby),Intentions (feat. Quavo),0.11
0PvFJmanyNQMseIFrU708S,2MbdDtCv5LUVjYy9RuGTgC,For The Night (feat. Lil Baby & DaBaby),"WHATS POPPIN (feat. DaBaby, Tory Lanez & Lil Wayne) - Remix",0.25
0PvFJmanyNQMseIFrU708S,6EDO9iiTtwNv6waLwa1UUq,For The Night (feat. Lil Baby & DaBaby),POPSTAR (feat. Drake),0.1
0PvFJmanyNQMseIFrU708S,39Yp9wwQiSRIDOvrVg7mbk,For The Night (feat. Lil Baby & DaBaby),THE SCOTTS,0.12
0PvFJmanyNQMseIFrU708S,3IB5qOeMayvpOdHxYCL5tZ,For The Night (feat. Lil Baby & DaBaby),ON (Feat. Sia),0.1
0PvFJmanyNQMseIFrU708S,4w47S36wQGBhGg073q3nt7,For The Night (feat. Lil Baby & DaBaby),TKN (feat. Travis Scott),0.09
0PvFJmanyNQMseIFrU708S,3Ofmpyhv5UAQ70mENzB277,For The Night (feat. Lil Baby & DaBaby),Astronaut In The Ocean,0.09
0PvFJmanyNQMseIFrU708S,5Z9KJZvQzH6PFmb8SNkxuk,For The Night (feat. Lil Baby & DaBaby),INDUSTRY BABY (feat. Jack Harlow),0.2
0PvFJmanyNQMseIFrU708S,37Nqx7iavZpotJSDXZWbJ3,For The Night (feat. Lil Baby & DaBaby),Girls Want Girls (with Lil Baby),0.2
0PvFJmanyNQMseIFrU708S,3nY8AqaMNNHHLYV4380ol0,For The Night (feat. Lil Baby & DaBaby),Dick (feat. Doja Cat),0.11
0PvFJmanyNQMseIFrU708S,3F5CgOj3wFlRv51JsHbxhe,For The Night (feat. Lil Baby & DaBaby),Jimmy Cooks (feat. 21 Savage),0.09
0PvFJmanyNQMseIFrU708S,27NovPIUIRrOZoCHxABJwK,For The Night (feat. Lil Baby & DaBaby),INDUSTRY BABY (feat. Jack Harlow),0.2
0PvFJmanyNQMseIFrU708S,6T7FXSuXykeGktMLGp8WgE,For The Night (feat. Lil Baby & DaBaby),All My Life (feat. J. Cole),0.08
2SAqBLGA283SUiwJ3xOUVI,4umIPjkehX1r7uhmGvXiSV,Laugh Now Cry Later (feat. Lil Durk),Intentions (feat. Quavo),0.11
2SAqBLGA283SUiwJ3xOUVI,2MbdDtCv5LUVjYy9RuGTgC,Laugh Now Cry Later (feat. Lil Durk),"WHATS POPPIN (feat. DaBaby, Tory Lanez & Lil Wayne) - Remix",0.15
2SAqBLGA283SUiwJ3xOUVI,6EDO9iiTtwNv6waLwa1UUq,Laugh Now Cry Later (feat. Lil Durk),POPSTAR (feat. Drake),0.13
2SAqBLGA283SUiwJ3xOUVI,3IB5qOeMayvpOdHxYCL5tZ,Laugh Now Cry Later (feat. Lil Durk),ON (Feat. Sia),0.13
2SAqBLGA283SUiwJ3xOUVI,4w47S36wQGBhGg073q3nt7,Laugh Now Cry Later (feat. Lil Durk),TKN (feat. Travis Scott),0.1
2SAqBLGA283SUiwJ3xOUVI,5Z9KJZvQzH6PFmb8SNkxuk,Laugh Now Cry Later (feat. Lil Durk),INDUSTRY BABY (feat. Jack Harlow),0.13
2SAqBLGA283SUiwJ3xOUVI,37Nqx7iavZpotJSDXZWbJ3,Laugh Now Cry Later (feat. Lil Durk),Girls Want Girls (with Lil Baby),0.09
2SAqBLGA283SUiwJ3xOUVI,3nY8AqaMNNHHLYV4380ol0,Laugh Now Cry Later (feat. Lil Durk),Dick (feat. Doja Cat),0.1
2SAqBLGA283SUiwJ3xOUVI,3F5CgOj3wFlRv51JsHbxhe,Laugh Now Cry Later (feat. Lil Durk),Jimmy Cooks (feat. 21 Savage),0.1
2SAqBLGA283SUiwJ3xOUVI,27NovPIUIRrOZoCHxABJwK,Laugh Now Cry Later (feat. Lil Durk),INDUSTRY BABY (feat. Jack Harlow),0.13
2SAqBLGA283SUiwJ3xOUVI,6T7FXSuXykeGktMLGp8WgE,Laugh Now Cry Later (feat. Lil Durk),All My Life (feat. J. Cole),0.09
3eekarcy7kvN4yt5ZFzltW,39Yp9wwQiSRIDOvrVg7mbk,HIGHEST IN THE ROOM,THE SCOTTS,0.26
3eekarcy7kvN4yt5ZFzltW,3Ofmpyhv5UAQ70mENzB277,HIGHEST IN THE ROOM,Astronaut In The Ocean,0.27
4umIPjkehX1r7uhmGvXiSV,2MbdDtCv5LUVjYy9RuGTgC,Intentions (feat. Quavo),"WHATS POPPIN (feat. DaBaby, Tory Lanez & Lil Wayne) - Remix",0.09
4umIPjkehX1r7uhmGvXiSV,6EDO9iiTtwNv6waLwa1UUq,Intentions (feat. Quavo),POPSTAR (feat. Drake),0.19
4umIPjkehX1r7uhmGvXiSV,3IB5qOeMayvpOdHxYCL5tZ,Intentions (feat. Quavo),ON (Feat. Sia),0.26
4umIPjkehX1r7uhmGvXiSV,4w47S36wQGBhGg073q3nt7,Intentions (feat. Quavo),TKN (feat. Travis Scott),0.2
4umIPjkehX1r7uhmGvXiSV,5Z9KJZvQzH6PFmb8SNkxuk,Intentions (feat. Quavo),INDUSTRY BABY (feat. Jack Harlow),0.19
4umIPjkehX1r7uhmGvXiSV,3nY8AqaMNNHHLYV4380ol0,Intentions (feat. Quavo),Dick (feat. Doja Cat),0.19
4umIPjkehX1r7uhmGvXiSV,3F5CgOj3wFlRv51JsHbxhe,Intentions (feat. Quavo),Jimmy Cooks (feat. 21 Savage),0.2
4umIPjkehX1r7uhmGvXiSV,27NovPIUIRrOZoCHxABJwK,Intentions (feat. Quavo),INDUSTRY BABY (feat. Jack Harlow),0.19
4umIPjkehX1r7uhmGvXiSV,6T7FXSuXykeGktMLGp8WgE,Intentions (feat. Quavo),All My Life (feat. J. Cole),0.15
2MbdDtCv5LUVjYy9RuGTgC,6EDO9iiTtwNv6waLwa1UUq,"WHATS POPPIN (feat. DaBaby, Tory Lanez & Lil Wayne) - Remix",POPSTAR (feat. Drake),0.09
2MbdDtCv5LUVjYy9RuGTgC,3IB5qOeMayvpOdHxYCL5tZ,"WHATS POPPIN (feat. DaBaby, Tory Lanez & Lil Wayne) - Remix",ON (Feat. Sia),0.1
2MbdDtCv5LUVjYy9RuGTgC,4w47S36wQGBhGg073q3nt7,"WHATS POPPIN (feat. DaBaby, Tory Lanez & Lil Wayne) - Remix",TKN (feat. Travis Scott),0.09
2MbdDtCv5LUVjYy9RuGTgC,5Z9KJZvQzH6PFmb8SNkxuk,"WHATS POPPIN (feat. DaBaby, Tory Lanez & Lil Wayne) - Remix",INDUSTRY BABY (feat. Jack Harlow),0.1
2MbdDtCv5LUVjYy9RuGTgC,37Nqx7iavZpotJSDXZWbJ3,"WHATS POPPIN (feat. DaBaby, Tory Lanez & Lil Wayne) - Remix",Girls Want Girls (with Lil Baby),0.06
2MbdDtCv5LUVjYy9RuGTgC,3aQem4jVGdhtg116TmJnHz,"WHATS POPPIN (feat. DaBaby, Tory Lanez & Lil Wayne) - Remix",WhatÂ’s Next,0.08
2MbdDtCv5LUVjYy9RuGTgC,3nY8AqaMNNHHLYV4380ol0,"WHATS POPPIN (feat. DaBaby, Tory Lanez & Lil Wayne) - Remix",Dick (feat. Doja Cat),0.1
2MbdDtCv5LUVjYy9RuGTgC,3F5CgOj3wFlRv51JsHbxhe,"WHATS POPPIN (feat. DaBaby, Tory Lanez & Lil Wayne) - Remix",Jimmy Cooks (feat. 21 Savage),0.09
2MbdDtCv5LUVjYy9RuGTgC,27NovPIUIRrOZoCHxABJwK,"WHATS POPPIN (feat. DaBaby, Tory Lanez & Lil Wayne) - Remix",INDUSTRY BABY (feat. Jack Harlow),0.1
2MbdDtCv5LUVjYy9RuGTgC,6T7FXSuXykeGktMLGp8WgE,"WHATS POPPIN (feat. DaBaby, Tory Lanez & Lil Wayne) - Remix",All My Life (feat. J. Cole),0.08
6EDO9iiTtwNv6waLwa1UUq,3IB5qOeMayvpOdHxYCL5tZ,POPSTAR (feat. Drake),ON (Feat. Sia),0.25
6EDO9iiTtwNv6waLwa1UUq,4w47S36wQGBhGg073q3nt7,POPSTAR (feat. Drake),TKN (feat. Travis Scott),0.15
6EDO9iiTtwNv6waLwa1UUq,5Z9KJZvQzH6PFmb8SNkxuk,POPSTAR (feat. Drake),INDUSTRY BABY (feat. Jack Harlow),0.19
6EDO9iiTtwNv6waLwa1UUq,3nY8AqaMNNHHLYV4380ol0,POPSTAR (feat. Drake),Dick (feat. Doja Cat),0.18
6EDO9iiTtwNv6waLwa1UUq,3F5CgOj3wFlRv51JsHbxhe,POPSTAR (feat. Drake),Jimmy Cooks (feat. 21 Savage),0.19
6EDO9iiTtwNv6waLwa1UUq,27NovPIUIRrOZoCHxABJwK,POPSTAR (feat. Drake),INDUSTRY BABY (feat. Jack Harlow),0.19
6EDO9iiTtwNv6waLwa1UUq,6T7FXSuXykeGktMLGp8WgE,POPSTAR (feat. Drake),All My Life (feat. J. Cole),0.12
39Yp9wwQiSRIDOvrVg7mbk,3Ofmpyhv5UAQ70mENzB277,THE SCOTTS,Astronaut In The Ocean,0.18
3IB5qOeMayvpOdHxYCL5tZ,4w47S36wQGBhGg073q3nt7,ON (Feat. Sia),TKN (feat. Travis Scott),0.19
3IB5qOeMayvpOdHxYCL5tZ,5Z9KJZvQzH6PFmb8SNkxuk,ON (Feat. Sia),INDUSTRY BABY (feat. Jack Harlow),0.22
3IB5qOeMayvpOdHxYCL5tZ,3nY8AqaMNNHHLYV4380ol0,ON (Feat. Sia),Dick (feat. Doja Cat),0.23
3IB5qOeMayvpOdHxYCL5tZ,3F5CgOj3wFlRv51JsHbxhe,ON (Feat. Sia),Jimmy Cooks (feat. 21 Savage),0.2
3IB5qOeMayvpOdHxYCL5tZ,27NovPIUIRrOZoCHxABJwK,ON (Feat. Sia),INDUSTRY BABY (feat. Jack Harlow),0.22
3IB5qOeMayvpOdHxYCL5tZ,6T7FXSuXykeGktMLGp8WgE,ON (Feat. Sia),All My Life (feat. J. Cole),0.15
4w47S36wQGBhGg073q3nt7,5Z9KJZvQzH6PFmb8SNkxuk,TKN (feat. Travis Scott),INDUSTRY BABY (feat. Jack Harlow),0.14
4w47S36wQGBhGg073q3nt7,3nY8AqaMNNHHLYV4380ol0,TKN (feat. Travis Scott),Dick (feat. Doja Cat),0.13
4w47S36wQGBhGg073q3nt7,3F5CgOj3wFlRv51JsHbxhe,TKN (feat. Travis Scott),Jimmy Cooks (feat. 21 Savage),0.17
4w47S36wQGBhGg073q3nt7,27NovPIUIRrOZoCHxABJwK,TKN (feat. Travis Scott),INDUSTRY BABY (feat. Jack Harlow),0.14
4w47S36wQGBhGg073q3nt7,6T7FXSuXykeGktMLGp8WgE,TKN (feat. Travis Scott),All My Life (feat. J. Cole),0.14
5Z9KJZvQzH6PFmb8SNkxuk,37Nqx7iavZpotJSDXZWbJ3,INDUSTRY BABY (feat. Jack Harlow),Girls Want Girls (with Lil Baby),0.13
5Z9KJZvQzH6PFmb8SNkxuk,3nY8AqaMNNHHLYV4380ol0,INDUSTRY BABY (feat. Jack Harlow),Dick (feat. Doja Cat),0.21
5Z9KJZvQzH6PFmb8SNkxuk,3F5CgOj3wFlRv51JsHbxhe,INDUSTRY BABY (feat. Jack Harlow),Jimmy Cooks (feat. 21 Savage),0.19
5Z9KJZvQzH6PFmb8SNkxuk,27NovPIUIRrOZoCHxABJwK,INDUSTRY BABY (feat. Jack Harlow),INDUSTRY BABY (feat. Jack Harlow),1.0
5Z9KJZvQzH6PFmb8SNkxuk,6T7FXSuXykeGktMLGp8WgE,INDUSTRY BABY (feat. Jack Harlow),All My Life (feat. J. Cole),0.14
37Nqx7iavZpotJSDXZWbJ3,27NovPIUIRrOZoCHxABJwK,Girls Want Girls (with Lil Baby),INDUSTRY BABY (feat. Jack Harlow),0.13
3nY8AqaMNNHHLYV4380ol0,3F5CgOj3wFlRv51JsHbxhe,Dick (feat. Doja Cat),Jimmy Cooks (feat. 21 Savage),0.18
3nY8AqaMNNHHLYV4380ol0,27NovPIUIRrOZoCHxABJwK,Dick (feat. Doja Cat),INDUSTRY BABY (feat. Jack Harlow),0.21
3nY8AqaMNNHHLYV4380ol0,6T7FXSuXykeGktMLGp8WgE,Dick (feat. Doja Cat),All My Life (feat. J. Cole),0.14
3F5CgOj3wFlRv51JsHbxhe,27NovPIUIRrOZoCHxABJwK,Jimmy Cooks (feat. 21 Savage),INDUSTRY BABY (feat. Jack Harlow),0.19
3F5CgOj3wFlRv51JsHbxhe,6T7FXSuXykeGktMLGp8WgE,Jimmy Cooks (feat. 21 Savage),All My Life (feat. J. Cole),0.12
27NovPIUIRrOZoCHxABJwK,6T7FXSuXykeGktMLGp8WgE,INDUSTRY BABY (feat. Jack Harlow),All My Life (feat. J. Cole),0.14
